Name,Garment_Name,Experience_Years,Job_Role,Working_Hours_Per_Week,Exposure_To_Chemicals,Machine_Use,Workstation_Ergonomics,Injury_History,Health_Condition,Safety_Training,Shift_Type,Task_Rotation_Frequency,Job_Risk
Taslima Akter,Pallmall Group,38,Packaging,41,Medium,Light,Average,2,Healthy,Basic,Day,Occasional,Low
Rasel Hossain,Pallmall Group,28,Packaging,51,Low,Light,Average,0,Minor_Chronic,Basic,Day,Frequent,Low
Abdul Latif,Pallmall Group,14,Supervisor,68,Low,None,Average,0,Healthy,None,Night,Frequent,Medium
Nazia Sultana,Pallmall Group,7,Sewing,28,High,None,Average,0,Healthy,Basic,Day,Occasional,Low
Nazia Sultana,Pallmall Group,20,Packaging,49,None,Light,Average,0,Healthy,Advanced,Day,Frequent,Low
Taslima Akter,Pallmall Group,38,Ironing,50,Medium,Light,Good,0,Healthy,Basic,Day,Occasional,Low
Shamina Begum,Pallmall Group,18,Cutting,46,None,Light,Average,1,Healthy,Basic,Day,Occasional,Low
Fariha Khan,Pallmall Group,22,Sewing,45,Low,Light,Average,2,Healthy,Basic,Day,Rare,Low
Rahim Ahmed,Pallmall Group,10,Packaging,39,Low,None,Average,0,Healthy,Advanced,Day,Occasional,Low
Shamina Begum,Pallmall Group,10,Sewing,55,Low,Heavy,Good,0,Healthy,Advanced,Day,Occasional,Low
Taslima Akter,Pallmall Group,23,Cutting,55,None,Light,Average,0,Serious_Chronic,None,Day,Occasional,Medium
Abdul Latif,Pallmall Group,35,Sewing,60,None,Light,Average,0,Minor_Chronic,Basic,Night,Occasional,Low
Abdul Latif,Pallmall Group,39,Packaging,46,Low,Light,Poor,0,Healthy,None,Day,Rare,Medium
Abdul Latif,Pallmall Group,23,Packaging,55,Medium,None,Average,0,Healthy,Basic,Day,Rare,Low
Rahim Ahmed,Pallmall Group,2,Packaging,64,None,Heavy,Poor,1,Healthy,None,Day,Occasional,High
Shahidul Islam,Pallmall Group,21,Sewing,53,Medium,Light,Average,0,Healthy,None,Day,Rare,Medium
Mushfiqur Rahman,Pallmall Group,1,Sewing,62,None,Light,Good,0,Minor_Chronic,None,Evening,Rare,Medium
Shamina Begum,Pallmall Group,23,Dyeing,61,Low,None,Good,0,Healthy,Advanced,Day,Occasional,Medium
Shahidul Islam,Pallmall Group,29,Ironing,62,Medium,Light,Average,1,Healthy,Advanced,Day,Frequent,Low
Shamina Begum,Pallmall Group,37,Sewing,67,Low,None,Good,1,Healthy,None,Day,Rare,Medium
Abdul Latif,Pallmall Group,1,Packaging,43,High,Light,Poor,0,Minor_Chronic,Basic,Day,Occasional,Medium
Taslima Akter,Pallmall Group,20,Supervisor,65,Low,Light,Good,0,Serious_Chronic,Basic,Night,Rare,Medium
Mushfiqur Rahman,Pallmall Group,32,Packaging,40,Low,Heavy,Average,0,Healthy,Basic,Day,Occasional,Low
Shahidul Islam,Pallmall Group,11,Packaging,50,None,Light,Average,0,Healthy,Advanced,Day,Rare,Low
Mushfiqur Rahman,Pallmall Group,21,Supervisor,49,None,None,Good,1,Healthy,None,Day,Occasional,Low
Abdul Latif,Pallmall Group,24,Sewing,43,None,None,Good,0,Healthy,Basic,Evening,Occasional,Low
Shamina Begum,Pallmall Group,26,Ironing,55,Low,Light,Average,1,Healthy,Basic,Day,Rare,Low
Taslima Akter,Pallmall Group,27,Supervisor,62,None,Light,Average,0,Serious_Chronic,Basic,Day,Occasional,Low
Shahidul Islam,Pallmall Group,15,Sewing,35,None,None,Poor,0,Healthy,Basic,Day,Occasional,Low
Nazia Sultana,Pallmall Group,14,Packaging,49,None,Heavy,Good,1,Minor_Chronic,Advanced,Day,Rare,Medium
Fariha Khan,Pallmall Group,2,Dyeing,48,None,None,Average,0,Serious_Chronic,Advanced,Day,Occasional,Medium
Rahim Ahmed,Pallmall Group,36,Dyeing,53,None,Heavy,Poor,2,Healthy,None,Day,Occasional,High
Fariha Khan,Pallmall Group,6,Packaging,67,Medium,None,Average,1,Healthy,Advanced,Evening,Rare,Medium
Nazia Sultana,Pallmall Group,20,Machine_Maintenance,48,Medium,Heavy,Average,1,Minor_Chronic,Advanced,Night,Occasional,High
Fariha Khan,Pallmall Group,8,Packaging,52,Low,Light,Average,1,Healthy,Basic,Evening,Occasional,Low
Mushfiqur Rahman,Pallmall Group,38,Sewing,68,Medium,Heavy,Average,1,Healthy,Basic,Day,Frequent,Medium
Mariam Noor,Pallmall Group,17,Packaging,28,None,None,Poor,1,Healthy,None,Evening,Occasional,Medium
Abdul Latif,Pallmall Group,3,Sewing,33,Medium,Heavy,Average,2,Healthy,Basic,Evening,Rare,High
Mushfiqur Rahman,Pallmall Group,24,Cutting,50,None,Heavy,Poor,1,Healthy,Basic,Night,Frequent,Medium
Rasel Hossain,Pallmall Group,13,Ironing,50,None,Light,Average,1,Healthy,Basic,Evening,Rare,Low
Shahidul Islam,Pallmall Group,8,Ironing,50,Low,Light,Average,0,Healthy,None,Evening,Occasional,Medium
Fariha Khan,Pallmall Group,25,Cutting,59,None,Light,Poor,1,Healthy,Basic,Day,Frequent,Medium
Nazia Sultana,Pallmall Group,1,Machine_Maintenance,57,Low,None,Average,0,Healthy,Basic,Day,Occasional,Medium
Taslima Akter,Pallmall Group,19,Packaging,40,None,Light,Average,2,Healthy,Basic,Day,Occasional,Low
Abdul Latif,Pallmall Group,27,Dyeing,45,Medium,Heavy,Average,0,Healthy,Basic,Day,Frequent,Medium
Taslima Akter,Pallmall Group,6,Sewing,50,None,Light,Average,1,Healthy,None,Day,Occasional,Medium
Fariha Khan,Pallmall Group,7,Machine_Maintenance,42,None,None,Average,2,Healthy,Basic,Day,Occasional,Medium
Mariam Noor,Pallmall Group,34,Machine_Maintenance,60,Low,Light,Average,0,Minor_Chronic,Basic,Evening,Occasional,Medium
Shahidul Islam,Pallmall Group,13,Packaging,48,None,Light,Good,0,Minor_Chronic,Advanced,Night,Rare,Low
Shahidul Islam,Pallmall Group,16,Sewing,66,None,None,Poor,0,Minor_Chronic,Basic,Day,Occasional,Medium
Taslima Akter,Pallmall Group,35,Sewing,50,None,Light,Good,2,Serious_Chronic,None,Day,Frequent,Medium
Rahim Ahmed,Pallmall Group,39,Sewing,54,Low,None,Average,0,Healthy,None,Night,Rare,Low
Taslima Akter,Pallmall Group,3,Sewing,45,Low,Heavy,Good,0,Healthy,Basic,Night,Occasional,Medium
Rahim Ahmed,Pallmall Group,1,Cutting,51,None,None,Average,1,Healthy,None,Day,Occasional,High
Rasel Hossain,Pallmall Group,5,Machine_Maintenance,67,High,Light,Average,1,Minor_Chronic,Basic,Day,Occasional,High
Rasel Hossain,Pallmall Group,3,Ironing,34,Medium,Light,Good,1,Minor_Chronic,Advanced,Day,Occasional,Medium
Fariha Khan,Pallmall Group,28,Sewing,47,Low,Heavy,Poor,2,Healthy,Basic,Day,Frequent,High
Mariam Noor,Pallmall Group,17,Sewing,54,Low,Heavy,Poor,0,Healthy,Basic,Night,Rare,High
Shahidul Islam,Pallmall Group,25,Sewing,33,None,None,Average,1,Healthy,Advanced,Evening,Occasional,Low
Mariam Noor,Pallmall Group,33,Sewing,54,Low,Light,Good,1,Healthy,Basic,Day,Occasional,Low
Rasel Hossain,Pallmall Group,9,Sewing,36,None,Heavy,Average,0,Healthy,None,Night,Occasional,Medium
Rahim Ahmed,Pallmall Group,35,Sewing,58,None,Light,Average,0,Serious_Chronic,Basic,Evening,Rare,High
Abdul Latif,Pallmall Group,13,Packaging,48,High,Light,Average,1,Healthy,Advanced,Night,Occasional,Medium
Taslima Akter,Pallmall Group,30,Supervisor,53,Low,Heavy,Average,1,Serious_Chronic,Advanced,Night,Frequent,Medium
Abdul Latif,Pallmall Group,14,Cutting,67,None,Heavy,Average,1,Healthy,None,Day,Rare,High
Rasel Hossain,Pallmall Group,7,Cutting,40,None,Light,Average,1,Healthy,Basic,Day,Occasional,Low
Rahim Ahmed,Pallmall Group,13,Packaging,50,Low,Light,Good,0,Minor_Chronic,Advanced,Day,Frequent,Low
Fariha Khan,Pallmall Group,22,Sewing,47,None,Light,Poor,0,Healthy,Basic,Night,Occasional,Low
Abdul Latif,Pallmall Group,39,Sewing,64,None,None,Poor,0,Healthy,Advanced,Night,Occasional,Medium
Taslima Akter,Pallmall Group,20,Packaging,55,None,Heavy,Average,0,Healthy,Basic,Evening,Frequent,Low
Shahidul Islam,Pallmall Group,15,Sewing,44,None,Heavy,Average,0,Minor_Chronic,Advanced,Day,Rare,Low
Nazia Sultana,Pallmall Group,17,Dyeing,55,Low,Heavy,Average,0,Healthy,Advanced,Day,Occasional,Medium
Shahidul Islam,Pallmall Group,23,Ironing,68,None,None,Average,1,Healthy,Basic,Evening,Occasional,Low
Fariha Khan,Pallmall Group,25,Cutting,29,Low,Light,Poor,0,Healthy,Basic,Evening,Occasional,Low
Rahim Ahmed,Pallmall Group,24,Cutting,52,None,Light,Average,1,Minor_Chronic,None,Day,Occasional,Low
Shahidul Islam,Pallmall Group,40,Packaging,68,Low,Light,Average,0,Serious_Chronic,Basic,Day,Rare,Medium
Mushfiqur Rahman,Pallmall Group,28,Sewing,33,High,Heavy,Poor,1,Healthy,Basic,Evening,Rare,High
Nazia Sultana,Pallmall Group,14,Sewing,38,Low,Light,Average,0,Healthy,Basic,Night,Rare,Low
Nazia Sultana,Pallmall Group,0,Packaging,65,Medium,Light,Average,0,Serious_Chronic,Basic,Day,Rare,High
Rahim Ahmed,Pallmall Group,24,Ironing,33,High,Light,Average,3,Healthy,Basic,Day,Rare,High
Rasel Hossain,Pallmall Group,6,Sewing,38,None,Heavy,Poor,2,Healthy,Basic,Evening,Frequent,Medium
Rasel Hossain,Pallmall Group,8,Machine_Maintenance,41,Low,Heavy,Good,0,Healthy,Basic,Night,Rare,High
Abdul Latif,Pallmall Group,23,Cutting,29,Medium,Heavy,Average,0,Healthy,Advanced,Day,Occasional,Medium
Nazia Sultana,Pallmall Group,0,Packaging,67,None,Light,Poor,1,Healthy,None,Day,Occasional,High
Nazia Sultana,Pallmall Group,7,Packaging,30,None,Light,Average,1,Healthy,Basic,Day,Rare,Low
Mariam Noor,Pallmall Group,23,Dyeing,62,High,Light,Good,1,Healthy,Basic,Day,Frequent,High
Nazia Sultana,Pallmall Group,10,Ironing,60,Low,Light,Average,0,Minor_Chronic,Basic,Day,Frequent,Low
Rahim Ahmed,Pallmall Group,16,Supervisor,51,None,Light,Good,1,Healthy,Basic,Evening,Rare,Low
Shamina Begum,Pallmall Group,7,Sewing,46,None,Light,Poor,0,Healthy,Basic,Day,Frequent,Low
Rasel Hossain,Pallmall Group,34,Packaging,45,Medium,Light,Good,0,Minor_Chronic,Advanced,Evening,Occasional,Low
Nazia Sultana,Pallmall Group,34,Sewing,51,Low,Light,Average,0,Minor_Chronic,Basic,Day,Rare,Low
Rahim Ahmed,Pallmall Group,32,Cutting,62,Low,None,Poor,0,Healthy,Advanced,Day,Occasional,Medium
Shahidul Islam,Pallmall Group,4,Cutting,28,Medium,Light,Average,1,Healthy,Basic,Day,Occasional,Low
Rasel Hossain,Pallmall Group,38,Machine_Maintenance,63,Low,Light,Good,0,Healthy,Basic,Day,Occasional,Medium
Rasel Hossain,Pallmall Group,40,Supervisor,52,Low,Light,Average,0,Healthy,Basic,Day,Occasional,Low
Shahidul Islam,Pallmall Group,27,Sewing,61,Low,Light,Average,0,Healthy,Advanced,Night,Rare,Medium
Fariha Khan,Pallmall Group,6,Sewing,52,Low,Light,Poor,0,Healthy,Basic,Day,Frequent,Medium
Abdul Latif,Pallmall Group,8,Packaging,43,Low,Heavy,Average,0,Healthy,Advanced,Day,Frequent,Medium
Nazia Sultana,Pallmall Group,7,Cutting,61,None,Heavy,Poor,1,Minor_Chronic,None,Evening,Occasional,High
Fariha Khan,Pallmall Group,11,Sewing,56,None,Light,Poor,0,Healthy,Basic,Night,Rare,Medium
Fariha Khan,Pallmall Group,33,Packaging,46,High,Light,Average,0,Healthy,Basic,Day,Occasional,Low
Fariha Khan,Pallmall Group,32,Ironing,50,None,Light,Good,0,Healthy,Basic,Day,Occasional,Low
Rahim Ahmed,Pallmall Group,22,Supervisor,46,None,Light,Average,0,Healthy,Basic,Evening,Frequent,Low
Shahidul Islam,Pallmall Group,23,Sewing,52,None,Heavy,Poor,1,Healthy,Basic,Day,Frequent,Medium
Rasel Hossain,Pallmall Group,36,Cutting,43,Medium,Light,Average,1,Minor_Chronic,Basic,Evening,Frequent,Low
Shamina Begum,Pallmall Group,34,Ironing,36,None,Light,Good,1,Healthy,Basic,Day,Occasional,Low
Shahidul Islam,Pallmall Group,39,Packaging,28,None,Light,Average,1,Minor_Chronic,Basic,Night,Frequent,Low
Abdul Latif,Pallmall Group,21,Ironing,46,None,Light,Average,1,Healthy,Basic,Day,Rare,Low
Nazia Sultana,Pallmall Group,26,Dyeing,60,Low,Light,Good,0,Healthy,Basic,Night,Occasional,Medium
Rahim Ahmed,Pallmall Group,34,Sewing,61,None,Light,Average,0,Healthy,Basic,Day,Rare,Low
Mariam Noor,Pallmall Group,0,Packaging,43,None,Light,Poor,0,Healthy,Advanced,Night,Frequent,Medium
Shahidul Islam,Pallmall Group,34,Cutting,67,None,None,Average,0,Minor_Chronic,Advanced,Day,Frequent,Low
Shahidul Islam,Pallmall Group,36,Sewing,45,Medium,Heavy,Good,1,Minor_Chronic,Basic,Day,Rare,Medium
Mariam Noor,Pallmall Group,13,Dyeing,61,None,Heavy,Average,1,Healthy,Basic,Day,Occasional,High
Shahidul Islam,Pallmall Group,2,Sewing,52,None,Light,Poor,1,Minor_Chronic,Basic,Night,Frequent,Medium
Nazia Sultana,Pallmall Group,0,Sewing,33,Low,Light,Average,1,Serious_Chronic,Advanced,Day,Occasional,High
Nazia Sultana,Pallmall Group,4,Packaging,48,High,None,Average,1,Healthy,Advanced,Day,Occasional,Medium
Shamina Begum,Pallmall Group,25,Ironing,33,Low,None,Good,0,Serious_Chronic,None,Day,Occasional,Medium
Mushfiqur Rahman,Pallmall Group,13,Packaging,59,High,Light,Average,0,Healthy,Advanced,Night,Occasional,Medium
Shamina Begum,Pallmall Group,38,Sewing,68,Medium,Light,Average,0,Minor_Chronic,None,Day,Frequent,Medium
Mariam Noor,Pallmall Group,26,Packaging,66,None,Heavy,Good,0,Healthy,Basic,Day,Occasional,Low
Taslima Akter,Pallmall Group,8,Sewing,58,Low,Light,Average,0,Healthy,Advanced,Night,Rare,Medium
Shamina Begum,Pallmall Group,14,Cutting,37,None,Light,Poor,0,Healthy,Advanced,Night,Rare,Medium
Abdul Latif,Pallmall Group,14,Supervisor,57,Low,Light,Good,1,Healthy,Advanced,Day,Rare,Medium
Nazia Sultana,Pallmall Group,25,Packaging,45,None,None,Average,0,Serious_Chronic,Basic,Night,Occasional,Low
Rasel Hossain,Pallmall Group,12,Ironing,51,None,None,Average,1,Healthy,Basic,Day,Frequent,Low
Shahidul Islam,Pallmall Group,31,Cutting,36,Medium,Heavy,Average,0,Healthy,Advanced,Day,Occasional,Medium
Mariam Noor,Pallmall Group,38,Machine_Maintenance,58,None,Heavy,Poor,0,Healthy,Basic,Night,Frequent,High
Shamina Begum,Pallmall Group,31,Ironing,42,Medium,Light,Good,1,Healthy,Basic,Evening,Frequent,Low
Shamina Begum,Pallmall Group,3,Packaging,31,None,Light,Average,1,Healthy,Basic,Day,Occasional,Low
Abdul Latif,Pallmall Group,29,Packaging,67,None,Heavy,Average,2,Healthy,Advanced,Day,Occasional,Medium
Rahim Ahmed,Pallmall Group,36,Sewing,36,Medium,None,Poor,1,Healthy,Advanced,Day,Occasional,Medium
Mariam Noor,Pallmall Group,22,Sewing,36,Low,Heavy,Average,0,Healthy,Basic,Evening,Rare,Low
Rahim Ahmed,Pallmall Group,38,Dyeing,53,Low,Light,Good,0,Healthy,Advanced,Night,Occasional,Low
Rahim Ahmed,Pallmall Group,14,Sewing,31,None,Light,Average,0,Healthy,None,Day,Occasional,Low
Shamina Begum,Pallmall Group,28,Sewing,44,Low,Light,Good,1,Serious_Chronic,Basic,Night,Occasional,Medium
Shahidul Islam,Pallmall Group,35,Machine_Maintenance,43,Low,Light,Average,0,Healthy,Basic,Day,Occasional,Low
Mariam Noor,Pallmall Group,12,Ironing,42,Low,Heavy,Average,0,Healthy,None,Evening,Rare,Medium
Fariha Khan,Pallmall Group,31,Packaging,62,None,None,Average,0,Healthy,Advanced,Day,Occasional,Low
Shahidul Islam,Pallmall Group,6,Ironing,32,High,Light,Good,0,Healthy,Advanced,Evening,Occasional,Low
Mariam Noor,Pallmall Group,21,Ironing,32,Low,None,Average,2,Healthy,Basic,Day,Rare,Medium
Abdul Latif,Pallmall Group,27,Sewing,47,Medium,Heavy,Average,0,Healthy,Advanced,Night,Occasional,Medium
Taslima Akter,Pallmall Group,1,Cutting,42,Low,Light,Average,0,Healthy,Basic,Day,Rare,Medium
Taslima Akter,Pallmall Group,5,Sewing,45,Low,Heavy,Poor,1,Healthy,Basic,Day,Frequent,High
Rahim Ahmed,Pallmall Group,27,Cutting,29,None,Light,Average,0,Healthy,Advanced,Night,Rare,Low
Mushfiqur Rahman,Pallmall Group,27,Packaging,56,None,None,Good,1,Minor_Chronic,Basic,Day,Occasional,Low
Fariha Khan,Pallmall Group,19,Cutting,40,Medium,None,Poor,0,Healthy,Advanced,Day,Occasional,Low
Rahim Ahmed,Pallmall Group,29,Ironing,31,None,Light,Poor,1,Healthy,Basic,Day,Rare,Medium
Taslima Akter,Pallmall Group,10,Cutting,37,None,Light,Poor,0,Healthy,Advanced,Night,Occasional,Medium
Fariha Khan,Pallmall Group,27,Sewing,58,None,Light,Average,0,Healthy,Basic,Day,Occasional,Low
Fariha Khan,Pallmall Group,24,Cutting,68,None,None,Average,0,Healthy,None,Day,Rare,Medium
Mushfiqur Rahman,Pallmall Group,38,Sewing,35,Medium,Light,Poor,0,Healthy,Basic,Day,Rare,Medium
Shamina Begum,Pallmall Group,32,Sewing,30,Medium,Light,Average,1,Healthy,Basic,Night,Occasional,Medium
Taslima Akter,Pallmall Group,0,Sewing,36,None,Light,Average,1,Healthy,None,Day,Rare,Medium
Taslima Akter,Pallmall Group,26,Cutting,57,None,Light,Average,0,Healthy,None,Day,Occasional,Low
Abdul Latif,Pallmall Group,12,Packaging,38,Low,Light,Average,0,Healthy,Advanced,Evening,Frequent,Low
Fariha Khan,Pallmall Group,40,Sewing,62,Low,Heavy,Average,0,Healthy,Advanced,Day,Rare,Medium
Mariam Noor,Pallmall Group,2,Cutting,64,High,None,Average,0,Healthy,Advanced,Day,Occasional,Medium
Rasel Hossain,Pallmall Group,38,Dyeing,40,Low,Light,Poor,0,Healthy,Advanced,Night,Occasional,Medium
Mariam Noor,Pallmall Group,5,Sewing,63,None,Light,Poor,0,Healthy,Advanced,Day,Occasional,Medium
Nazia Sultana,Pallmall Group,7,Machine_Maintenance,40,Low,Light,Average,0,Healthy,None,Evening,Rare,Medium
Nazia Sultana,Pallmall Group,26,Ironing,39,High,Light,Average,1,Minor_Chronic,Advanced,Night,Occasional,Medium
Nazia Sultana,Pallmall Group,8,Cutting,64,Low,Light,Average,0,Healthy,Advanced,Day,Rare,Low
Mushfiqur Rahman,Pallmall Group,36,Ironing,37,Low,Light,Poor,0,Serious_Chronic,None,Day,Rare,High
Rasel Hossain,Pallmall Group,32,Sewing,36,None,Light,Poor,0,Healthy,Basic,Night,Occasional,Low
Mariam Noor,Pallmall Group,23,Dyeing,34,Low,Heavy,Good,1,Healthy,Basic,Evening,Rare,High
Mariam Noor,Pallmall Group,14,Cutting,29,Medium,Heavy,Average,0,Healthy,Advanced,Day,Rare,Medium
Mariam Noor,Pallmall Group,31,Machine_Maintenance,50,None,Light,Average,0,Healthy,Basic,Day,Rare,Low
Mariam Noor,Pallmall Group,31,Sewing,66,None,None,Good,1,Healthy,Advanced,Evening,Rare,Medium
Nazia Sultana,Pallmall Group,23,Ironing,67,None,Heavy,Average,0,Healthy,None,Day,Rare,Medium
Shamina Begum,Pallmall Group,40,Dyeing,66,None,Heavy,Average,0,Healthy,None,Day,Rare,High
Mariam Noor,Pallmall Group,11,Sewing,48,None,Light,Average,0,Serious_Chronic,Advanced,Night,Rare,Medium
Taslima Akter,Pallmall Group,38,Cutting,50,None,Light,Poor,0,Healthy,None,Day,Occasional,Low
Rahim Ahmed,Pallmall Group,1,Packaging,56,Low,Heavy,Average,2,Serious_Chronic,Basic,Night,Rare,High
Nazia Sultana,Pallmall Group,2,Packaging,41,None,Light,Average,0,Healthy,Basic,Evening,Occasional,Low
Mariam Noor,Pallmall Group,36,Cutting,53,None,Light,Average,0,Healthy,Advanced,Day,Occasional,Low
Shamina Begum,Pallmall Group,16,Packaging,32,Medium,Light,Average,0,Healthy,Basic,Evening,Occasional,Low
Rahim Ahmed,Pallmall Group,1,Supervisor,58,Low,Heavy,Average,1,Healthy,None,Day,Rare,High
Rasel Hossain,Pallmall Group,1,Packaging,52,Low,Heavy,Poor,1,Healthy,Basic,Day,Frequent,High
Rahim Ahmed,Pallmall Group,27,Sewing,58,None,Heavy,Poor,1,Healthy,Basic,Day,Occasional,High
Mariam Noor,Pallmall Group,22,Packaging,47,Low,Heavy,Poor,0,Healthy,Basic,Evening,Rare,High
Abdul Latif,Pallmall Group,36,Cutting,44,None,None,Poor,0,Healthy,Advanced,Evening,Rare,Low
Shahidul Islam,Pallmall Group,31,Supervisor,29,Medium,Heavy,Average,1,Healthy,Advanced,Night,Occasional,Medium
Rasel Hossain,Pallmall Group,32,Ironing,52,None,Light,Average,2,Healthy,Advanced,Night,Frequent,Medium
Nazia Sultana,Pallmall Group,0,Sewing,40,Low,Heavy,Poor,1,Serious_Chronic,None,Day,Occasional,High
Rahim Ahmed,Pallmall Group,18,Packaging,66,None,Light,Good,1,Healthy,Basic,Evening,Occasional,Low
Shahidul Islam,Pallmall Group,1,Cutting,55,Low,Heavy,Good,2,Minor_Chronic,Advanced,Day,Rare,High
Nazia Sultana,Pallmall Group,25,Supervisor,33,Low,Light,Average,1,Healthy,Basic,Day,Occasional,Low
Nazia Sultana,Pallmall Group,31,Supervisor,30,None,Light,Average,0,Healthy,None,Day,Rare,Low
Rahim Ahmed,Pallmall Group,5,Dyeing,62,None,None,Average,0,Healthy,Advanced,Evening,Occasional,Medium
Fariha Khan,Pallmall Group,31,Sewing,45,Low,Light,Poor,0,Healthy,Basic,Day,Rare,Medium
Fariha Khan,Pallmall Group,3,Packaging,38,High,Heavy,Good,4,Serious_Chronic,Advanced,Day,Rare,High
Rasel Hossain,Pallmall Group,10,Sewing,47,Medium,Light,Poor,0,Healthy,None,Day,Occasional,Medium
Rasel Hossain,Pallmall Group,16,Sewing,32,None,Light,Good,0,Serious_Chronic,Basic,Day,Occasional,Medium
Mushfiqur Rahman,Pallmall Group,37,Packaging,46,None,None,Average,1,Minor_Chronic,Advanced,Night,Rare,Low
Taslima Akter,Pallmall Group,23,Sewing,49,Medium,Heavy,Average,3,Healthy,Basic,Night,Frequent,High
Rahim Ahmed,Pallmall Group,4,Cutting,46,Low,Light,Average,0,Healthy,Basic,Evening,Rare,Low
Taslima Akter,Pallmall Group,33,Supervisor,43,Low,Heavy,Average,2,Healthy,None,Evening,Occasional,Medium
Shamina Begum,Pallmall Group,5,Cutting,51,Medium,Heavy,Poor,2,Healthy,Basic,Evening,Occasional,High
Fariha Khan,Pallmall Group,21,Sewing,68,Medium,Heavy,Average,0,Healthy,Basic,Evening,Occasional,Medium
Abdul Latif,Pallmall Group,10,Machine_Maintenance,31,Low,Light,Average,0,Healthy,Basic,Evening,Frequent,Low
Fariha Khan,Pallmall Group,15,Sewing,42,None,Heavy,Average,0,Healthy,None,Day,Rare,Medium
Shahidul Islam,Pallmall Group,32,Packaging,52,None,Light,Poor,1,Healthy,None,Day,Rare,Medium
Fariha Khan,Pallmall Group,8,Supervisor,62,Low,Heavy,Average,1,Healthy,Basic,Day,Occasional,Medium
Taslima Akter,Pallmall Group,5,Machine_Maintenance,41,None,Heavy,Good,0,Minor_Chronic,Basic,Day,Rare,Medium
Nazia Sultana,Pallmall Group,15,Dyeing,46,None,None,Average,0,Healthy,Basic,Day,Rare,Low
Mushfiqur Rahman,Pallmall Group,28,Cutting,65,None,Light,Average,0,Healthy,Basic,Evening,Occasional,Low
Abdul Latif,Pallmall Group,2,Sewing,63,None,None,Good,0,Healthy,Advanced,Evening,Occasional,Low
Nazia Sultana,Pallmall Group,19,Packaging,34,Low,None,Average,2,Minor_Chronic,Basic,Day,Occasional,Medium
Shahidul Islam,Pallmall Group,35,Machine_Maintenance,57,Low,Light,Average,0,Healthy,Basic,Day,Rare,Medium
Shamina Begum,Pallmall Group,18,Ironing,46,None,Heavy,Good,0,Serious_Chronic,Basic,Evening,Rare,Medium
Rasel Hossain,Pallmall Group,25,Sewing,52,None,None,Average,0,Serious_Chronic,None,Day,Rare,Medium
Rahim Ahmed,Pallmall Group,2,Sewing,43,Medium,Light,Poor,0,Minor_Chronic,Basic,Day,Occasional,Low
Fariha Khan,Pallmall Group,18,Sewing,67,None,Heavy,Poor,1,Healthy,Advanced,Night,Rare,High
Taslima Akter,Pallmall Group,19,Packaging,35,Medium,Heavy,Average,1,Healthy,None,Day,Frequent,Medium
Mushfiqur Rahman,Pallmall Group,31,Cutting,45,Medium,Light,Poor,2,Serious_Chronic,None,Night,Rare,High
Rasel Hossain,Pallmall Group,6,Machine_Maintenance,55,None,Heavy,Good,0,Minor_Chronic,Basic,Night,Frequent,High
Mushfiqur Rahman,Pallmall Group,40,Packaging,43,Low,Light,Poor,1,Minor_Chronic,Basic,Night,Occasional,Medium
Shamina Begum,Pallmall Group,32,Sewing,46,High,None,Average,1,Healthy,Basic,Day,Rare,Medium
Rahim Ahmed,Pallmall Group,39,Dyeing,44,None,None,Poor,0,Healthy,Basic,Day,Rare,Medium
Taslima Akter,Pallmall Group,38,Cutting,40,Low,Light,Average,2,Healthy,Advanced,Day,Rare,Low
Abdul Latif,Pallmall Group,17,Dyeing,34,None,Light,Good,1,Minor_Chronic,Basic,Day,Occasional,Low
Abdul Latif,Pallmall Group,39,Packaging,54,None,Heavy,Average,1,Minor_Chronic,Basic,Day,Occasional,Low
Nazia Sultana,Pallmall Group,0,Packaging,37,Medium,Heavy,Good,1,Healthy,Basic,Evening,Occasional,High
Mariam Noor,Pallmall Group,10,Packaging,61,Medium,Light,Poor,1,Healthy,Basic,Night,Occasional,High
Nazia Sultana,Pallmall Group,27,Sewing,63,Medium,Light,Poor,0,Healthy,Basic,Night,Occasional,High
Shahidul Islam,Pallmall Group,24,Sewing,52,None,Light,Good,0,Healthy,Advanced,Day,Occasional,Low
Fariha Khan,Pallmall Group,22,Packaging,33,None,Light,Good,1,Healthy,Basic,Evening,Rare,Low
Shamina Begum,Pallmall Group,30,Sewing,51,Low,Heavy,Good,0,Healthy,Basic,Day,Frequent,Low
Fariha Khan,Pallmall Group,29,Cutting,45,None,Light,Average,2,Healthy,None,Day,Occasional,Low
Mushfiqur Rahman,Pallmall Group,34,Sewing,50,Low,None,Average,0,Healthy,Basic,Night,Frequent,Low
Fariha Khan,Pallmall Group,6,Packaging,33,Low,Light,Poor,2,Serious_Chronic,Basic,Day,Rare,High
Mushfiqur Rahman,Pallmall Group,15,Sewing,56,Low,Light,Good,0,Healthy,Advanced,Day,Frequent,Low
Abdul Latif,Pallmall Group,25,Dyeing,52,Low,Light,Average,0,Minor_Chronic,Basic,Night,Frequent,Medium
Abdul Latif,Pallmall Group,1,Supervisor,44,None,Light,Average,1,Minor_Chronic,Basic,Day,Occasional,Low
Rahim Ahmed,Pallmall Group,0,Sewing,51,None,Light,Average,0,Healthy,Basic,Night,Occasional,Low
Nazia Sultana,Pallmall Group,11,Sewing,38,None,Light,Average,0,Minor_Chronic,None,Day,Frequent,Low
Taslima Akter,Pallmall Group,4,Cutting,53,Low,Light,Good,1,Serious_Chronic,Basic,Night,Frequent,High
Rahim Ahmed,Pallmall Group,36,Packaging,61,Low,Light,Poor,0,Healthy,None,Day,Occasional,Medium
Rahim Ahmed,Pallmall Group,31,Sewing,55,Medium,Heavy,Average,1,Healthy,Basic,Day,Occasional,Medium
Taslima Akter,Pallmall Group,8,Cutting,30,Medium,Heavy,Average,0,Healthy,Basic,Day,Frequent,Medium
Taslima Akter,Pallmall Group,40,Sewing,38,High,Heavy,Average,1,Minor_Chronic,Basic,Evening,Rare,Medium
Mushfiqur Rahman,Pallmall Group,34,Packaging,65,None,Light,Average,1,Healthy,Basic,Night,Rare,Medium
Shamina Begum,Pallmall Group,18,Cutting,41,None,Light,Poor,0,Healthy,None,Evening,Frequent,Low
Rasel Hossain,Pallmall Group,15,Packaging,53,None,Light,Average,1,Minor_Chronic,Basic,Night,Frequent,Low
Shamina Begum,Pallmall Group,2,Machine_Maintenance,48,Low,Heavy,Average,1,Serious_Chronic,Basic,Night,Frequent,High
Mariam Noor,Pallmall Group,19,Sewing,66,None,Light,Average,0,Healthy,Basic,Day,Occasional,Low
Mushfiqur Rahman,Pallmall Group,23,Packaging,57,Medium,Light,Average,1,Healthy,Advanced,Evening,Occasional,Medium
Fariha Khan,Pallmall Group,32,Sewing,35,Low,Light,Poor,0,Healthy,None,Day,Frequent,Medium
Mariam Noor,Pallmall Group,23,Machine_Maintenance,47,Medium,Light,Poor,0,Healthy,Basic,Day,Rare,High
Rasel Hossain,Pallmall Group,10,Dyeing,59,High,Light,Average,0,Serious_Chronic,Basic,Day,Occasional,High
Mariam Noor,Pallmall Group,7,Machine_Maintenance,49,None,Light,Poor,2,Healthy,Basic,Day,Occasional,Medium
Mushfiqur Rahman,Pallmall Group,35,Sewing,34,None,Heavy,Good,1,Healthy,Advanced,Evening,Rare,Low
Nazia Sultana,Pallmall Group,37,Sewing,36,Low,Light,Average,0,Minor_Chronic,None,Day,Rare,Low
Rahim Ahmed,Pallmall Group,39,Cutting,28,None,Heavy,Average,1,Healthy,Advanced,Evening,Occasional,Low
Fariha Khan,Pallmall Group,19,Cutting,56,None,Light,Good,0,Minor_Chronic,None,Night,Occasional,Low
Rasel Hossain,Pallmall Group,34,Sewing,35,Low,Heavy,Poor,1,Healthy,Basic,Day,Rare,High
Shahidul Islam,Pallmall Group,24,Cutting,31,None,Light,Good,0,Minor_Chronic,Advanced,Evening,Occasional,Low
Fariha Khan,Pallmall Group,34,Sewing,62,Low,Light,Average,1,Serious_Chronic,Basic,Evening,Occasional,Medium
Shahidul Islam,Pallmall Group,24,Cutting,30,Low,None,Good,0,Healthy,Advanced,Day,Occasional,Low
Mushfiqur Rahman,Pallmall Group,28,Packaging,67,None,None,Good,0,Minor_Chronic,None,Evening,Rare,Medium
Rasel Hossain,Pallmall Group,17,Ironing,34,None,Light,Poor,3,Serious_Chronic,Advanced,Day,Occasional,High
Mushfiqur Rahman,Pallmall Group,17,Sewing,54,None,Light,Average,0,Serious_Chronic,Basic,Day,Rare,Low
Taslima Akter,Pallmall Group,1,Cutting,28,Low,Light,Average,0,Healthy,Basic,Day,Rare,Low
Rasel Hossain,Pallmall Group,34,Sewing,54,None,None,Average,0,Healthy,Advanced,Day,Rare,Low
Fariha Khan,Pallmall Group,15,Supervisor,43,Medium,Heavy,Average,0,Healthy,Basic,Day,Occasional,Low
Abdul Latif,Pallmall Group,40,Sewing,65,None,Heavy,Poor,0,Healthy,Basic,Day,Rare,High
Abdul Latif,Pallmall Group,35,Packaging,34,None,Light,Average,0,Healthy,Advanced,Day,Rare,Low
Mushfiqur Rahman,Pallmall Group,32,Supervisor,50,None,Light,Average,1,Healthy,None,Night,Rare,Low
Nazia Sultana,Pallmall Group,3,Packaging,68,None,Heavy,Good,0,Healthy,Basic,Night,Frequent,Medium
Shamina Begum,Pallmall Group,32,Packaging,38,None,Light,Average,0,Healthy,Advanced,Day,Frequent,Low
Nazia Sultana,Pallmall Group,13,Packaging,60,Low,Light,Average,0,Minor_Chronic,Basic,Day,Rare,Low
Shamina Begum,Pallmall Group,20,Supervisor,63,Low,Light,Poor,0,Minor_Chronic,Basic,Day,Rare,High
Fariha Khan,Pallmall Group,19,Dyeing,64,None,Light,Poor,0,Healthy,None,Night,Frequent,High
Nazia Sultana,Pallmall Group,7,Ironing,68,None,Light,Average,0,Healthy,Basic,Day,Rare,Low
Mushfiqur Rahman,Pallmall Group,6,Dyeing,44,Low,Light,Good,2,Minor_Chronic,Basic,Day,Rare,Medium
Abdul Latif,Pallmall Group,2,Ironing,62,Low,Light,Average,2,Healthy,None,Day,Rare,High
Rahim Ahmed,Pallmall Group,16,Dyeing,32,None,None,Average,1,Healthy,Advanced,Evening,Frequent,Low
Rasel Hossain,Pallmall Group,32,Cutting,59,Medium,Heavy,Good,1,Minor_Chronic,Basic,Day,Occasional,High
Rahim Ahmed,Pallmall Group,11,Sewing,30,None,Light,Good,2,Healthy,Advanced,Day,Rare,Medium
Fariha Khan,Pallmall Group,21,Sewing,62,Medium,Light,Poor,0,Minor_Chronic,Advanced,Evening,Rare,High
Shahidul Islam,Pallmall Group,21,Sewing,41,None,Light,Poor,0,Minor_Chronic,Advanced,Evening,Frequent,Low
Shahidul Islam,Pallmall Group,29,Sewing,58,None,Light,Average,2,Healthy,Basic,Evening,Occasional,Medium
Rasel Hossain,Pallmall Group,37,Sewing,58,High,Light,Average,2,Minor_Chronic,Basic,Day,Occasional,High
Rahim Ahmed,Pallmall Group,37,Ironing,44,None,Light,Good,1,Healthy,Basic,Evening,Rare,Low
Shahidul Islam,Pallmall Group,7,Sewing,51,Medium,None,Poor,1,Minor_Chronic,Basic,Day,Occasional,Medium
Mushfiqur Rahman,Pallmall Group,26,Packaging,50,None,Light,Poor,1,Minor_Chronic,Basic,Day,Rare,Medium
Shamina Begum,Pallmall Group,26,Sewing,45,Low,Light,Good,0,Healthy,Advanced,Day,Occasional,Low
Taslima Akter,Pallmall Group,33,Sewing,41,Medium,None,Average,3,Healthy,None,Day,Rare,High
Mushfiqur Rahman,Pallmall Group,20,Packaging,42,None,Heavy,Good,0,Healthy,Basic,Day,Rare,Low
Abdul Latif,Pallmall Group,29,Dyeing,42,Medium,Light,Average,0,Healthy,Basic,Day,Occasional,Medium
Shahidul Islam,Pallmall Group,32,Sewing,33,Low,Light,Average,1,Serious_Chronic,Advanced,Day,Frequent,Medium
Abdul Latif,Pallmall Group,27,Machine_Maintenance,54,Low,Light,Poor,3,Healthy,Advanced,Day,Occasional,High
Mariam Noor,Pallmall Group,32,Machine_Maintenance,42,Low,Light,Poor,1,Healthy,None,Evening,Rare,High
Abdul Latif,Pallmall Group,4,Cutting,63,Medium,Heavy,Average,0,Healthy,Basic,Day,Occasional,High
Abdul Latif,Pallmall Group,18,Cutting,35,None,None,Average,2,Healthy,Advanced,Night,Occasional,Low
Mushfiqur Rahman,Pallmall Group,3,Supervisor,42,None,None,Poor,1,Minor_Chronic,Basic,Day,Occasional,Low
Rahim Ahmed,Pallmall Group,34,Dyeing,30,Medium,Light,Good,0,Healthy,Basic,Day,Occasional,Medium
Taslima Akter,Pallmall Group,16,Ironing,40,Medium,None,Poor,1,Minor_Chronic,None,Day,Rare,High
Shamina Begum,Pallmall Group,27,Packaging,68,None,Light,Average,1,Minor_Chronic,Basic,Evening,Occasional,Low
Rasel Hossain,Pallmall Group,29,Sewing,61,Low,Light,Average,0,Healthy,Basic,Evening,Rare,Low
Rahim Ahmed,Pallmall Group,28,Cutting,51,Low,Light,Good,0,Healthy,Advanced,Night,Frequent,Low
Shahidul Islam,Pallmall Group,5,Sewing,67,None,Heavy,Poor,1,Healthy,Basic,Day,Occasional,High
Nazia Sultana,Pallmall Group,34,Packaging,59,None,Light,Average,0,Healthy,Basic,Day,Occasional,Low
Abdul Latif,Pallmall Group,40,Dyeing,59,Low,Light,Poor,1,Healthy,Basic,Evening,Rare,High
Rahim Ahmed,Pallmall Group,36,Dyeing,57,None,Heavy,Average,0,Serious_Chronic,Basic,Evening,Rare,High
Shamina Begum,Pallmall Group,23,Sewing,40,Medium,Heavy,Average,2,Serious_Chronic,Advanced,Night,Occasional,High
Fariha Khan,Pallmall Group,28,Sewing,28,Medium,Light,Poor,2,Healthy,Advanced,Day,Rare,High
Mariam Noor,Pallmall Group,30,Ironing,61,None,Light,Average,0,Healthy,None,Evening,Frequent,Low
Abdul Latif,Pallmall Group,34,Packaging,42,None,Heavy,Good,1,Healthy,Advanced,Day,Occasional,Low
Abdul Latif,Pallmall Group,32,Ironing,41,None,Light,Good,0,Minor_Chronic,None,Day,Rare,Low
Mariam Noor,Pallmall Group,20,Sewing,56,None,Light,Poor,1,Healthy,Basic,Day,Rare,Low
Mushfiqur Rahman,Pallmall Group,31,Packaging,61,Low,Heavy,Poor,0,Healthy,Advanced,Evening,Occasional,High
Mushfiqur Rahman,Pallmall Group,22,Sewing,45,None,Light,Poor,0,Healthy,None,Evening,Rare,Low
Nazia Sultana,Pallmall Group,32,Supervisor,34,Low,None,Poor,1,Healthy,None,Day,Occasional,Medium
Fariha Khan,Pallmall Group,2,Sewing,56,None,Light,Good,0,Healthy,Basic,Day,Occasional,Low
Mushfiqur Rahman,Pallmall Group,17,Packaging,58,None,Light,Average,0,Healthy,Basic,Day,Rare,Low
Rahim Ahmed,Pallmall Group,24,Sewing,52,None,Heavy,Average,2,Healthy,Basic,Day,Occasional,Medium
Abdul Latif,Pallmall Group,30,Machine_Maintenance,65,None,None,Good,0,Healthy,Basic,Day,Occasional,Medium
Rahim Ahmed,Pallmall Group,2,Ironing,41,None,Heavy,Average,2,Minor_Chronic,Advanced,Day,Frequent,Medium
Nazia Sultana,Pallmall Group,39,Sewing,35,None,Light,Average,1,Healthy,Advanced,Evening,Occasional,Low
Fariha Khan,Pallmall Group,23,Cutting,54,Medium,Light,Average,1,Healthy,Advanced,Day,Occasional,Low
Shamina Begum,Pallmall Group,31,Sewing,29,Medium,None,Average,0,Serious_Chronic,Basic,Day,Rare,Medium
Shamina Begum,Pallmall Group,21,Sewing,44,None,Light,Average,2,Healthy,None,Night,Occasional,Medium
Rasel Hossain,Pallmall Group,22,Machine_Maintenance,64,None,Heavy,Poor,1,Healthy,None,Day,Rare,High
Fariha Khan,Pallmall Group,1,Cutting,41,None,Light,Poor,1,Minor_Chronic,Advanced,Evening,Occasional,Medium
Rasel Hossain,Pallmall Group,26,Packaging,52,None,Light,Poor,0,Healthy,Advanced,Day,Rare,Low
Abdul Latif,Pallmall Group,1,Dyeing,57,None,Light,Poor,0,Healthy,Advanced,Night,Occasional,High
Nazia Sultana,Pallmall Group,25,Packaging,56,None,Heavy,Average,0,Minor_Chronic,Basic,Day,Rare,Low
Rahim Ahmed,Pallmall Group,16,Sewing,47,None,None,Average,0,Minor_Chronic,None,Evening,Occasional,Low
Rahim Ahmed,Pallmall Group,39,Sewing,48,None,Light,Average,0,Healthy,None,Day,Occasional,Low
Nazia Sultana,Pallmall Group,32,Packaging,49,None,Light,Poor,1,Healthy,Basic,Night,Occasional,Medium
Abdul Latif,Pallmall Group,8,Supervisor,62,None,Light,Average,1,Healthy,Basic,Day,Frequent,Low
Rasel Hossain,Pallmall Group,38,Sewing,64,Low,Light,Poor,1,Serious_Chronic,Advanced,Day,Occasional,High
Rasel Hossain,Pallmall Group,28,Sewing,43,None,Light,Average,0,Serious_Chronic,Basic,Day,Rare,Medium
Shamina Begum,Pallmall Group,25,Ironing,44,None,Heavy,Average,0,Healthy,Basic,Night,Occasional,Low
Rasel Hossain,Pallmall Group,34,Supervisor,43,Low,Light,Poor,0,Healthy,Basic,Evening,Occasional,Low
Abdul Latif,Pallmall Group,24,Sewing,29,Medium,Light,Average,1,Healthy,None,Day,Occasional,Medium
Fariha Khan,Pallmall Group,23,Cutting,31,Medium,Light,Average,1,Healthy,Advanced,Day,Frequent,Low
Fariha Khan,Pallmall Group,12,Machine_Maintenance,48,Low,Light,Poor,0,Healthy,Basic,Day,Rare,Medium
Rahim Ahmed,Pallmall Group,6,Sewing,66,None,Heavy,Poor,0,Healthy,None,Day,Frequent,High
Shamina Begum,Pallmall Group,35,Sewing,61,Low,Light,Good,1,Healthy,Basic,Day,Rare,Medium
Rahim Ahmed,Pallmall Group,19,Dyeing,57,Medium,Light,Poor,0,Healthy,Basic,Night,Occasional,High
Mushfiqur Rahman,Pallmall Group,0,Machine_Maintenance,33,None,Light,Good,0,Minor_Chronic,None,Evening,Rare,Medium
Shamina Begum,Pallmall Group,7,Sewing,44,Low,Light,Average,0,Minor_Chronic,Basic,Night,Rare,Medium
Rasel Hossain,Pallmall Group,15,Ironing,66,Medium,Light,Poor,0,Minor_Chronic,Basic,Day,Frequent,Medium
Fariha Khan,Pallmall Group,13,Ironing,52,None,None,Poor,0,Healthy,Basic,Evening,Occasional,Low
Mariam Noor,Pallmall Group,11,Ironing,32,None,None,Average,0,Minor_Chronic,Basic,Day,Frequent,Low
Rahim Ahmed,Pallmall Group,22,Dyeing,32,None,Heavy,Average,0,Minor_Chronic,Basic,Day,Rare,Medium
Abdul Latif,Pallmall Group,14,Ironing,47,None,Light,Average,0,Healthy,Basic,Day,Occasional,Low
Rasel Hossain,Pallmall Group,27,Cutting,43,None,None,Good,1,Healthy,Basic,Day,Occasional,Low
Taslima Akter,Pallmall Group,33,Ironing,68,Low,Heavy,Good,0,Serious_Chronic,Advanced,Night,Rare,High
Mushfiqur Rahman,Pallmall Group,1,Dyeing,64,Low,None,Poor,0,Healthy,Basic,Day,Rare,High
Mushfiqur Rahman,Pallmall Group,31,Ironing,67,None,Light,Good,0,Healthy,Basic,Night,Rare,Low
Shahidul Islam,Pallmall Group,22,Packaging,36,Medium,Light,Good,0,Healthy,Advanced,Evening,Frequent,Low
Fariha Khan,Pallmall Group,21,Sewing,32,None,None,Good,2,Healthy,Basic,Day,Occasional,Low
Rahim Ahmed,Pallmall Group,24,Packaging,29,None,Light,Average,1,Healthy,None,Day,Occasional,Low
Mariam Noor,Pallmall Group,21,Packaging,36,Medium,None,Average,0,Healthy,Basic,Day,Rare,Low
Shahidul Islam,Pallmall Group,21,Sewing,63,Medium,Heavy,Average,3,Healthy,Advanced,Day,Rare,High
Abdul Latif,Pallmall Group,5,Ironing,49,Low,Light,Average,0,Healthy,Advanced,Evening,Occasional,Low
Mushfiqur Rahman,Pallmall Group,14,Cutting,49,Medium,None,Good,0,Minor_Chronic,Advanced,Night,Frequent,Medium
Shahidul Islam,Pallmall Group,36,Sewing,49,Low,Light,Poor,1,Serious_Chronic,Basic,Day,Occasional,High
Shahidul Islam,Pallmall Group,32,Cutting,61,Medium,Light,Poor,1,Healthy,Advanced,Night,Occasional,High
Mariam Noor,Pallmall Group,7,Sewing,56,None,Light,Good,0,Healthy,None,Day,Occasional,Low
Mariam Noor,Pallmall Group,4,Sewing,65,Low,Light,Poor,1,Healthy,Basic,Day,Frequent,Medium
Fariha Khan,Pallmall Group,38,Packaging,60,High,Light,Good,0,Healthy,Advanced,Day,Occasional,Low
Abdul Latif,Pallmall Group,3,Sewing,45,Low,Heavy,Average,1,Serious_Chronic,Basic,Day,Frequent,High
Mushfiqur Rahman,Pallmall Group,5,Packaging,34,None,Light,Poor,0,Healthy,None,Day,Rare,High
Mushfiqur Rahman,Pallmall Group,31,Ironing,28,Low,Light,Average,4,Healthy,Basic,Day,Occasional,Medium
Shamina Begum,Pallmall Group,29,Machine_Maintenance,60,Low,Heavy,Average,1,Healthy,Advanced,Day,Occasional,High
Mariam Noor,Pallmall Group,34,Dyeing,28,None,Light,Average,1,Healthy,None,Day,Occasional,Low
Abdul Latif,Pallmall Group,39,Sewing,51,High,Heavy,Good,0,Healthy,Basic,Day,Occasional,Medium
Abdul Latif,Pallmall Group,15,Packaging,31,None,Heavy,Good,0,Healthy,None,Day,Rare,Medium
Abdul Latif,Pallmall Group,12,Sewing,31,None,Light,Average,0,Minor_Chronic,Basic,Day,Rare,Low
Mushfiqur Rahman,Pallmall Group,29,Ironing,45,Medium,Heavy,Poor,1,Healthy,Advanced,Evening,Frequent,High
Mushfiqur Rahman,Pallmall Group,18,Machine_Maintenance,54,None,Light,Good,1,Healthy,Basic,Night,Rare,Low
Rasel Hossain,Pallmall Group,16,Sewing,59,None,Light,Average,0,Healthy,None,Day,Frequent,Low
Taslima Akter,Pallmall Group,18,Cutting,60,Low,Heavy,Poor,1,Healthy,Basic,Day,Occasional,High
Shahidul Islam,Pallmall Group,27,Packaging,55,Low,Light,Good,0,Healthy,Basic,Evening,Occasional,Low
Taslima Akter,Pallmall Group,25,Machine_Maintenance,68,None,Light,Good,0,Healthy,Basic,Day,Frequent,Medium
Rasel Hossain,Pallmall Group,36,Packaging,63,High,None,Average,3,Minor_Chronic,Basic,Evening,Occasional,High
Shamina Begum,Pallmall Group,25,Sewing,33,Low,Heavy,Average,0,Healthy,Advanced,Day,Occasional,Low
Taslima Akter,Pallmall Group,22,Packaging,43,Low,Heavy,Average,0,Healthy,Basic,Day,Rare,Low
Shahidul Islam,Pallmall Group,8,Sewing,61,Low,Light,Average,0,Healthy,Basic,Day,Frequent,Medium
Nazia Sultana,Pallmall Group,11,Packaging,50,Low,Heavy,Good,0,Healthy,Basic,Day,Occasional,Low
Rasel Hossain,Pallmall Group,0,Supervisor,51,None,Light,Good,0,Healthy,Basic,Evening,Occasional,Low
Mushfiqur Rahman,Pallmall Group,0,Packaging,40,None,Light,Average,0,Healthy,None,Day,Occasional,Medium
Shahidul Islam,Pallmall Group,33,Packaging,45,Low,Light,Average,1,Healthy,Basic,Night,Rare,Medium
Rahim Ahmed,Pallmall Group,31,Sewing,40,Medium,Heavy,Good,2,Healthy,Advanced,Day,Frequent,High
Mariam Noor,Pallmall Group,24,Packaging,64,None,Light,Poor,2,Healthy,Basic,Night,Rare,High
Shahidul Islam,Pallmall Group,39,Packaging,66,Low,None,Poor,0,Healthy,Basic,Day,Rare,Medium
Taslima Akter,Pallmall Group,0,Sewing,44,Medium,Heavy,Good,0,Healthy,None,Day,Rare,High
Rahim Ahmed,Pallmall Group,15,Machine_Maintenance,42,None,Heavy,Poor,0,Healthy,Basic,Evening,Rare,High
Taslima Akter,Pallmall Group,38,Sewing,45,None,Light,Poor,3,Healthy,Basic,Day,Occasional,Medium
Mushfiqur Rahman,Pallmall Group,4,Dyeing,50,None,Light,Poor,1,Healthy,Basic,Night,Rare,High
Nazia Sultana,Pallmall Group,21,Packaging,57,Low,Heavy,Average,1,Healthy,Basic,Day,Rare,High
Shahidul Islam,Pallmall Group,28,Dyeing,61,None,Heavy,Poor,0,Healthy,None,Evening,Rare,High
Mushfiqur Rahman,Pallmall Group,2,Sewing,31,None,Light,Average,0,Healthy,Advanced,Day,Occasional,Low
Mushfiqur Rahman,Pallmall Group,11,Dyeing,30,Low,Heavy,Good,1,Minor_Chronic,Basic,Evening,Occasional,Medium
Abdul Latif,Pallmall Group,25,Ironing,34,Low,Heavy,Average,0,Serious_Chronic,Basic,Evening,Occasional,Medium
Mariam Noor,Pallmall Group,15,Machine_Maintenance,45,None,Heavy,Average,2,Healthy,Advanced,Evening,Occasional,High
Fariha Khan,Pallmall Group,36,Cutting,34,None,Heavy,Poor,1,Healthy,None,Day,Occasional,High
Shahidul Islam,Pallmall Group,21,Cutting,67,Medium,Light,Average,0,Healthy,Basic,Night,Rare,Medium
Fariha Khan,Pallmall Group,28,Packaging,33,High,Light,Average,0,Healthy,Basic,Night,Frequent,Low
Rasel Hossain,Pallmall Group,13,Cutting,49,Medium,Light,Average,0,Healthy,Basic,Night,Rare,Low
Mariam Noor,Pallmall Group,27,Dyeing,28,Low,Light,Poor,0,Minor_Chronic,Basic,Evening,Rare,Medium
Taslima Akter,Pallmall Group,4,Dyeing,31,None,Heavy,Average,1,Healthy,Basic,Day,Occasional,Medium
Mushfiqur Rahman,Pallmall Group,29,Machine_Maintenance,56,None,Heavy,Good,1,Serious_Chronic,None,Day,Occasional,High
Taslima Akter,Pallmall Group,4,Dyeing,48,None,Light,Average,0,Healthy,Basic,Night,Frequent,Medium
Nazia Sultana,Pallmall Group,11,Ironing,53,None,Light,Average,0,Healthy,Basic,Night,Rare,Low
Rahim Ahmed,Pallmall Group,15,Sewing,41,Low,Light,Average,1,Minor_Chronic,Basic,Day,Occasional,Low
Nazia Sultana,Pallmall Group,25,Sewing,36,None,Light,Average,1,Serious_Chronic,Advanced,Day,Occasional,Medium
Mushfiqur Rahman,Pallmall Group,25,Sewing,39,None,Light,Average,0,Minor_Chronic,Advanced,Night,Rare,Low
Fariha Khan,Pallmall Group,20,Sewing,33,High,None,Poor,1,Minor_Chronic,Basic,Day,Rare,Medium
Fariha Khan,Pallmall Group,38,Dyeing,47,None,Light,Average,2,Healthy,Basic,Day,Occasional,Low
Nazia Sultana,Pallmall Group,35,Packaging,51,None,None,Good,0,Healthy,None,Night,Rare,Low
Mariam Noor,Pallmall Group,32,Ironing,54,None,None,Average,1,Healthy,Advanced,Night,Rare,Medium
Fariha Khan,Pallmall Group,29,Packaging,65,Low,Heavy,Average,0,Healthy,Advanced,Night,Rare,High
Taslima Akter,Pallmall Group,36,Supervisor,35,Low,Light,Poor,1,Serious_Chronic,None,Day,Rare,High
Rasel Hossain,Pallmall Group,22,Packaging,28,None,Light,Average,0,Minor_Chronic,Basic,Day,Rare,Low
Nazia Sultana,Pallmall Group,9,Packaging,51,Low,None,Good,1,Minor_Chronic,Advanced,Evening,Rare,Low
Shamina Begum,Pallmall Group,4,Ironing,34,Medium,None,Average,3,Healthy,Basic,Day,Rare,High
Shamina Begum,Pallmall Group,35,Cutting,46,Medium,Heavy,Average,0,Healthy,Basic,Day,Frequent,Medium
Rahim Ahmed,Pallmall Group,33,Sewing,49,High,Light,Poor,1,Minor_Chronic,Basic,Night,Rare,High
Rasel Hossain,Pallmall Group,30,Cutting,62,Medium,Heavy,Average,0,Healthy,Basic,Night,Occasional,High
Mariam Noor,Pallmall Group,9,Machine_Maintenance,57,Low,Light,Average,0,Healthy,None,Day,Frequent,High
Shahidul Islam,Pallmall Group,18,Packaging,56,None,Light,Good,2,Healthy,Basic,Day,Frequent,Low
Taslima Akter,Pallmall Group,31,Sewing,49,None,Light,Average,0,Healthy,Basic,Day,Rare,Low
Taslima Akter,Pallmall Group,0,Ironing,38,None,Light,Average,0,Serious_Chronic,Advanced,Day,Rare,Medium
Shamina Begum,Pallmall Group,4,Packaging,47,Low,Light,Average,0,Healthy,Basic,Day,Occasional,Low
Taslima Akter,Pallmall Group,3,Sewing,56,Medium,Heavy,Average,1,Healthy,Basic,Day,Frequent,Medium
Fariha Khan,Pallmall Group,15,Cutting,68,Low,Light,Good,0,Healthy,Basic,Day,Rare,Medium
Nazia Sultana,Pallmall Group,23,Packaging,61,None,Light,Poor,0,Healthy,None,Night,Occasional,Medium
Nazia Sultana,Pallmall Group,15,Cutting,28,Low,Heavy,Average,2,Healthy,Advanced,Day,Frequent,Medium
Taslima Akter,Pallmall Group,1,Sewing,58,High,Heavy,Average,0,Healthy,Advanced,Evening,Occasional,High
Abdul Latif,Pallmall Group,27,Ironing,57,Low,Light,Average,0,Serious_Chronic,Basic,Evening,Occasional,Medium
Shamina Begum,Pallmall Group,31,Packaging,45,Medium,Light,Poor,0,Minor_Chronic,Basic,Evening,Occasional,Low
Nazia Sultana,Pallmall Group,26,Dyeing,44,Medium,Light,Average,0,Healthy,Basic,Night,Rare,High
Shahidul Islam,Pallmall Group,19,Sewing,65,High,Light,Average,0,Healthy,Basic,Evening,Occasional,Medium
Shamina Begum,Pallmall Group,23,Cutting,41,Medium,Heavy,Good,0,Healthy,None,Night,Occasional,Medium
Rasel Hossain,Pallmall Group,11,Ironing,50,Low,Light,Poor,0,Minor_Chronic,Basic,Day,Occasional,Medium
Rasel Hossain,Pallmall Group,34,Dyeing,52,None,None,Good,0,Healthy,Advanced,Evening,Frequent,Low
Rahim Ahmed,Pallmall Group,32,Packaging,42,None,Heavy,Poor,0,Healthy,Basic,Day,Occasional,Medium
Abdul Latif,Pallmall Group,32,Sewing,49,Low,Heavy,Poor,3,Healthy,Basic,Night,Rare,High
Shahidul Islam,Pallmall Group,36,Machine_Maintenance,30,None,None,Poor,0,Healthy,None,Day,Occasional,Medium
Shamina Begum,Pallmall Group,11,Sewing,46,High,Heavy,Good,1,Healthy,None,Day,Occasional,High
Fariha Khan,Pallmall Group,2,Cutting,61,None,Light,Poor,1,Minor_Chronic,Basic,Evening,Occasional,Medium
Mushfiqur Rahman,Pallmall Group,0,Sewing,62,Medium,Light,Average,3,Serious_Chronic,Basic,Day,Occasional,High
Rasel Hossain,Pallmall Group,32,Cutting,28,None,Heavy,Average,0,Healthy,Advanced,Evening,Occasional,Low
Rasel Hossain,Pallmall Group,39,Ironing,48,None,Light,Good,0,Healthy,Basic,Night,Occasional,Low
Rasel Hossain,Pallmall Group,9,Ironing,56,High,None,Good,0,Healthy,Basic,Night,Occasional,Low
Fariha Khan,Pallmall Group,28,Sewing,33,None,Light,Average,0,Healthy,Basic,Day,Frequent,Low
Rahim Ahmed,Pallmall Group,12,Dyeing,64,None,Light,Good,0,Healthy,Advanced,Day,Rare,Medium
Nazia Sultana,Pallmall Group,11,Sewing,28,None,None,Average,0,Healthy,None,Evening,Rare,Low
Fariha Khan,Pallmall Group,30,Packaging,28,Low,Light,Good,1,Minor_Chronic,Basic,Evening,Occasional,Low
Nazia Sultana,Pallmall Group,1,Machine_Maintenance,54,None,Light,Poor,0,Healthy,Advanced,Evening,Frequent,Medium
Taslima Akter,Pallmall Group,34,Cutting,48,Low,Light,Poor,0,Healthy,None,Evening,Rare,Medium
Shamina Begum,Pallmall Group,22,Ironing,43,Low,Light,Average,0,Healthy,Advanced,Evening,Rare,Low
Rasel Hossain,Pallmall Group,16,Cutting,67,Low,Heavy,Average,0,Healthy,Basic,Day,Frequent,Medium
Taslima Akter,Pallmall Group,25,Sewing,53,Low,Light,Average,2,Healthy,None,Evening,Frequent,Medium
Abdul Latif,Pallmall Group,7,Cutting,43,Low,Light,Average,0,Healthy,Basic,Day,Frequent,Low
Rasel Hossain,Pallmall Group,28,Packaging,55,None,Light,Average,0,Healthy,None,Day,Rare,Low
Taslima Akter,Pallmall Group,25,Dyeing,28,Medium,Light,Average,1,Minor_Chronic,Basic,Evening,Frequent,Medium
Rahim Ahmed,Pallmall Group,9,Sewing,63,None,Heavy,Poor,0,Healthy,Basic,Day,Occasional,Medium
Taslima Akter,Pallmall Group,25,Packaging,37,Low,Light,Good,0,Healthy,None,Evening,Occasional,Low
Shahidul Islam,Pallmall Group,33,Ironing,44,None,Light,Good,1,Healthy,Advanced,Day,Rare,Low
Mushfiqur Rahman,Pallmall Group,40,Packaging,50,Medium,Light,Good,1,Healthy,Basic,Day,Occasional,Low
Nazia Sultana,Pallmall Group,6,Dyeing,34,None,Light,Average,1,Healthy,Basic,Day,Rare,Medium
Abdul Latif,Pallmall Group,3,Ironing,34,None,Light,Average,0,Minor_Chronic,Basic,Evening,Rare,Low
Abdul Latif,Pallmall Group,10,Sewing,42,Low,Heavy,Good,0,Healthy,None,Day,Occasional,Medium
Mushfiqur Rahman,Pallmall Group,28,Sewing,61,Low,Light,Good,0,Healthy,Basic,Evening,Rare,Low
Taslima Akter,Pallmall Group,35,Supervisor,31,None,Light,Average,0,Healthy,Advanced,Evening,Rare,Low
Shamina Begum,Pallmall Group,24,Sewing,41,Low,Light,Average,1,Healthy,None,Day,Occasional,Low
Mariam Noor,Pallmall Group,20,Supervisor,41,Low,Light,Average,1,Healthy,Basic,Night,Occasional,Low
Mushfiqur Rahman,Pallmall Group,35,Ironing,43,High,None,Average,0,Minor_Chronic,Basic,Night,Rare,Medium
Fariha Khan,Pallmall Group,9,Sewing,34,Low,Heavy,Poor,1,Healthy,Basic,Night,Occasional,High
Shahidul Islam,Pallmall Group,36,Sewing,59,None,Light,Average,0,Minor_Chronic,Advanced,Evening,Occasional,Low
Abdul Latif,Pallmall Group,8,Sewing,46,None,None,Good,0,Healthy,None,Day,Occasional,Low
Mariam Noor,Pallmall Group,23,Machine_Maintenance,29,Medium,Light,Average,0,Healthy,Basic,Day,Occasional,Low
Mariam Noor,Pallmall Group,34,Cutting,37,Medium,Light,Average,1,Healthy,None,Evening,Occasional,Low
Mariam Noor,Pallmall Group,34,Cutting,44,None,None,Average,0,Healthy,Basic,Day,Rare,Low
Rahim Ahmed,Pallmall Group,35,Cutting,64,None,None,Good,1,Healthy,Basic,Evening,Rare,Medium
Shahidul Islam,Pallmall Group,17,Sewing,39,Low,Heavy,Average,0,Minor_Chronic,Advanced,Day,Occasional,Low
Rahim Ahmed,Pallmall Group,38,Ironing,33,None,Heavy,Average,0,Healthy,Advanced,Day,Frequent,Low
Rasel Hossain,Pallmall Group,31,Sewing,49,None,Light,Average,3,Healthy,None,Evening,Rare,Medium
Nazia Sultana,Pallmall Group,23,Packaging,59,None,Light,Average,1,Minor_Chronic,Advanced,Day,Occasional,Low
Mushfiqur Rahman,Pallmall Group,22,Cutting,68,None,Light,Average,0,Healthy,Basic,Day,Frequent,Low
Shamina Begum,Pallmall Group,31,Cutting,47,None,Light,Average,1,Minor_Chronic,Basic,Night,Frequent,Low
Shahidul Islam,Pallmall Group,36,Ironing,28,Low,Heavy,Average,0,Healthy,None,Day,Rare,Medium
Taslima Akter,Pallmall Group,11,Cutting,33,None,None,Average,2,Healthy,None,Day,Occasional,Medium
Taslima Akter,Pallmall Group,12,Supervisor,46,None,Heavy,Poor,0,Healthy,Basic,Day,Rare,Medium
Rahim Ahmed,Pallmall Group,22,Ironing,45,None,Light,Poor,0,Healthy,Advanced,Day,Occasional,Low
Rahim Ahmed,Pallmall Group,24,Sewing,33,None,Light,Poor,0,Minor_Chronic,Basic,Day,Rare,Low
Shamina Begum,Pallmall Group,34,Dyeing,60,None,Light,Good,0,Minor_Chronic,Advanced,Evening,Occasional,Low
Shamina Begum,Pallmall Group,40,Sewing,50,None,Heavy,Poor,0,Healthy,Advanced,Night,Frequent,Medium
Taslima Akter,Pallmall Group,29,Sewing,50,Low,None,Poor,1,Healthy,Basic,Night,Frequent,Medium
Mariam Noor,Pallmall Group,16,Supervisor,53,None,None,Poor,0,Healthy,Advanced,Day,Frequent,Low
Taslima Akter,Pallmall Group,19,Packaging,40,None,None,Average,0,Healthy,None,Evening,Rare,Low
Mariam Noor,Pallmall Group,24,Supervisor,34,None,Heavy,Poor,0,Healthy,None,Night,Rare,High
Mushfiqur Rahman,Pallmall Group,21,Ironing,42,Low,Light,Average,0,Healthy,Basic,Day,Occasional,Low
Shamina Begum,Pallmall Group,12,Ironing,54,Medium,Light,Poor,2,Minor_Chronic,Basic,Day,Occasional,High
Mushfiqur Rahman,Pallmall Group,18,Sewing,53,None,None,Good,1,Healthy,Basic,Night,Rare,Low
Shahidul Islam,Pallmall Group,35,Sewing,60,High,Heavy,Good,1,Serious_Chronic,Basic,Evening,Occasional,High
Abdul Latif,Pallmall Group,11,Packaging,42,None,Heavy,Good,1,Healthy,Advanced,Day,Frequent,Low
Rahim Ahmed,Pallmall Group,40,Cutting,63,Medium,Light,Average,1,Serious_Chronic,Basic,Day,Frequent,High
Shahidul Islam,Pallmall Group,18,Packaging,54,None,Light,Average,0,Healthy,Basic,Day,Rare,Low
Shamina Begum,Pallmall Group,11,Packaging,32,Low,None,Average,0,Healthy,Basic,Day,Occasional,Low
Rahim Ahmed,Pallmall Group,8,Sewing,29,Low,Light,Average,0,Minor_Chronic,Basic,Day,Occasional,Low
Nazia Sultana,Pallmall Group,6,Ironing,60,None,Light,Average,1,Healthy,Basic,Day,Frequent,Medium
Rasel Hossain,Pallmall Group,27,Packaging,43,Medium,None,Poor,1,Minor_Chronic,Advanced,Evening,Occasional,Medium
Rasel Hossain,Pallmall Group,13,Sewing,50,Medium,Light,Average,0,Healthy,Basic,Evening,Frequent,Low
Mariam Noor,Pallmall Group,30,Packaging,65,None,Light,Poor,0,Serious_Chronic,Basic,Evening,Occasional,High
Mushfiqur Rahman,Pallmall Group,18,Ironing,43,None,Heavy,Average,1,Healthy,Advanced,Evening,Frequent,Low
Abdul Latif,Pallmall Group,15,Sewing,41,None,Light,Average,1,Healthy,Advanced,Day,Occasional,Low
Mushfiqur Rahman,Pallmall Group,4,Dyeing,56,Medium,None,Average,0,Healthy,None,Day,Frequent,Medium
Rasel Hossain,Pallmall Group,34,Supervisor,53,Low,Light,Good,2,Minor_Chronic,None,Day,Frequent,Low
Mushfiqur Rahman,Pallmall Group,11,Sewing,62,None,Light,Average,0,Healthy,Advanced,Day,Rare,Low
Fariha Khan,Pallmall Group,24,Packaging,42,Low,Light,Average,0,Healthy,Advanced,Night,Rare,Low
Fariha Khan,Pallmall Group,20,Sewing,30,Medium,Heavy,Average,0,Healthy,Basic,Evening,Frequent,Medium
Rahim Ahmed,Pallmall Group,35,Packaging,50,Low,None,Poor,1,Healthy,Basic,Day,Rare,Medium
Mushfiqur Rahman,Pallmall Group,22,Packaging,56,Medium,Light,Average,1,Healthy,Basic,Day,Occasional,Low
Taslima Akter,Pallmall Group,15,Cutting,61,Medium,None,Good,0,Healthy,Basic,Day,Frequent,Medium
Shamina Begum,Pallmall Group,38,Cutting,60,None,None,Good,0,Healthy,Advanced,Day,Frequent,Low
Mariam Noor,Pallmall Group,38,Packaging,68,None,Light,Average,1,Healthy,Basic,Day,Rare,Low
Taslima Akter,Pallmall Group,13,Ironing,68,Medium,None,Poor,0,Serious_Chronic,Advanced,Day,Occasional,High
Shahidul Islam,Pallmall Group,30,Packaging,50,None,Light,Poor,0,Healthy,Basic,Day,Occasional,Low
Rasel Hossain,Pallmall Group,4,Sewing,34,Medium,None,Average,2,Healthy,Advanced,Day,Rare,Medium
Rahim Ahmed,Pallmall Group,34,Packaging,30,None,Light,Good,1,Healthy,Basic,Evening,Frequent,Low
Rahim Ahmed,Pallmall Group,22,Packaging,59,None,None,Average,2,Healthy,Advanced,Evening,Occasional,Low
Rasel Hossain,Pallmall Group,28,Machine_Maintenance,58,Medium,None,Good,0,Healthy,Advanced,Night,Frequent,High
Abdul Latif,Pallmall Group,10,Sewing,45,Low,Light,Average,2,Minor_Chronic,Basic,Day,Rare,Medium
Mushfiqur Rahman,Pallmall Group,17,Dyeing,34,None,Heavy,Poor,1,Healthy,Basic,Night,Occasional,High
Mushfiqur Rahman,Pallmall Group,11,Dyeing,68,Medium,Light,Poor,0,Healthy,None,Evening,Frequent,High
Mushfiqur Rahman,Pallmall Group,8,Cutting,28,Low,Heavy,Poor,1,Healthy,Basic,Day,Occasional,High
Shahidul Islam,Pallmall Group,9,Ironing,41,Low,None,Average,1,Minor_Chronic,Advanced,Day,Rare,Low
Fariha Khan,Pallmall Group,16,Sewing,59,None,Heavy,Poor,0,Healthy,Basic,Day,Frequent,Medium
Shamina Begum,Pallmall Group,37,Packaging,33,Medium,None,Average,0,Healthy,Advanced,Day,Frequent,Low
Rasel Hossain,Pallmall Group,6,Ironing,66,Medium,Light,Average,1,Healthy,Basic,Day,Occasional,Medium
Shamina Begum,Pallmall Group,12,Sewing,37,None,Light,Average,2,Healthy,Basic,Night,Occasional,Low
Rahim Ahmed,Pallmall Group,39,Packaging,34,Medium,Light,Poor,0,Healthy,Basic,Day,Rare,Medium
Mariam Noor,Pallmall Group,8,Ironing,53,Medium,Heavy,Poor,1,Healthy,Basic,Day,Frequent,High
Nazia Sultana,Pallmall Group,26,Sewing,61,Low,None,Average,0,Healthy,None,Day,Frequent,Medium
Nazia Sultana,Pallmall Group,1,Supervisor,57,Low,Heavy,Average,0,Healthy,Advanced,Day,Rare,High
Mariam Noor,Pallmall Group,4,Machine_Maintenance,63,None,Light,Average,0,Serious_Chronic,Advanced,Night,Rare,High
Shamina Begum,Pallmall Group,28,Ironing,48,None,Light,Good,0,Healthy,Basic,Night,Frequent,Low
Nazia Sultana,Pallmall Group,36,Sewing,44,Low,None,Average,2,Minor_Chronic,Basic,Day,Rare,Low
Shahidul Islam,Pallmall Group,37,Packaging,60,Medium,Light,Average,5,Healthy,Basic,Day,Frequent,High
Nazia Sultana,Pallmall Group,18,Ironing,37,Low,Heavy,Average,0,Healthy,Basic,Night,Frequent,Medium
Rahim Ahmed,Pallmall Group,7,Cutting,39,Low,Light,Good,0,Healthy,Basic,Day,Frequent,Low
Rasel Hossain,Pallmall Group,0,Ironing,43,None,Light,Average,1,Healthy,Basic,Evening,Occasional,Low
Nazia Sultana,Pallmall Group,21,Ironing,68,None,Heavy,Average,0,Healthy,Advanced,Night,Occasional,Medium
Taslima Akter,Pallmall Group,16,Ironing,59,None,Light,Average,0,Healthy,None,Evening,Rare,Medium
Shahidul Islam,Pallmall Group,6,Cutting,42,None,Light,Average,2,Healthy,Basic,Day,Occasional,Low
Rahim Ahmed,Pallmall Group,24,Dyeing,54,Low,Light,Average,0,Healthy,Advanced,Night,Occasional,Low
Mariam Noor,Pallmall Group,3,Machine_Maintenance,55,None,None,Average,1,Minor_Chronic,None,Night,Occasional,Medium
Mushfiqur Rahman,Pallmall Group,35,Cutting,44,Medium,None,Good,1,Healthy,Advanced,Evening,Rare,Low
Rahim Ahmed,Pallmall Group,5,Packaging,29,None,Light,Good,1,Healthy,Basic,Day,Rare,Low
Shahidul Islam,Pallmall Group,30,Machine_Maintenance,63,Low,Light,Poor,1,Healthy,Basic,Night,Rare,High
Nazia Sultana,Pallmall Group,18,Ironing,34,Low,Light,Poor,0,Serious_Chronic,None,Night,Frequent,High
Abdul Latif,Pallmall Group,38,Cutting,40,None,None,Poor,0,Healthy,None,Night,Occasional,Medium
Rasel Hossain,Pallmall Group,26,Dyeing,42,None,Heavy,Average,0,Healthy,None,Day,Rare,Medium
Mariam Noor,Pallmall Group,9,Dyeing,52,None,None,Average,1,Healthy,None,Evening,Occasional,Medium
Nazia Sultana,Pallmall Group,25,Packaging,50,Medium,Light,Poor,3,Healthy,Basic,Evening,Rare,High
Rahim Ahmed,Pallmall Group,18,Ironing,49,None,Light,Poor,4,Healthy,None,Day,Frequent,High
Shahidul Islam,Pallmall Group,38,Supervisor,53,Low,None,Average,0,Healthy,Basic,Day,Occasional,Low
Taslima Akter,Pallmall Group,2,Sewing,60,High,None,Poor,0,Healthy,Advanced,Evening,Rare,High
Rahim Ahmed,Pallmall Group,12,Sewing,38,Medium,Heavy,Poor,0,Healthy,Advanced,Night,Rare,High
Rasel Hossain,Pallmall Group,27,Dyeing,37,None,Heavy,Average,2,Healthy,Basic,Night,Frequent,Medium
Abdul Latif,Pallmall Group,19,Sewing,52,Medium,Light,Poor,0,Healthy,Advanced,Day,Occasional,Low
Fariha Khan,Pallmall Group,27,Sewing,64,None,Light,Poor,0,Healthy,None,Day,Rare,Medium
Shahidul Islam,Pallmall Group,7,Cutting,65,None,Light,Good,0,Healthy,None,Day,Occasional,Medium
Shahidul Islam,Pallmall Group,40,Sewing,68,Medium,None,Good,1,Minor_Chronic,Basic,Night,Rare,High
Shahidul Islam,Pallmall Group,38,Sewing,51,Low,Light,Average,0,Healthy,Advanced,Day,Rare,Low
Rahim Ahmed,Pallmall Group,0,Supervisor,67,None,Heavy,Poor,0,Healthy,Advanced,Evening,Frequent,High
Rahim Ahmed,Pallmall Group,2,Sewing,60,None,Light,Average,0,Healthy,Basic,Evening,Rare,Medium
Shamina Begum,Pallmall Group,12,Packaging,44,None,Heavy,Average,1,Healthy,Basic,Night,Frequent,Medium
Rahim Ahmed,Pallmall Group,27,Packaging,51,Low,None,Poor,1,Healthy,Basic,Day,Occasional,Low
Shahidul Islam,Pallmall Group,24,Machine_Maintenance,64,None,Light,Poor,0,Minor_Chronic,Basic,Evening,Rare,Medium
Rahim Ahmed,Pallmall Group,32,Sewing,29,High,Light,Poor,1,Healthy,Basic,Night,Frequent,High
Mushfiqur Rahman,Pallmall Group,37,Machine_Maintenance,59,High,Light,Average,1,Healthy,Basic,Evening,Occasional,High
Rahim Ahmed,Pallmall Group,5,Ironing,51,Medium,Light,Good,0,Minor_Chronic,None,Day,Occasional,Medium
Rasel Hossain,Pallmall Group,31,Dyeing,36,None,Light,Average,1,Healthy,None,Day,Frequent,Low
Mariam Noor,Pallmall Group,20,Dyeing,31,Low,Light,Average,0,Minor_Chronic,Advanced,Night,Frequent,Low
Taslima Akter,Pallmall Group,15,Packaging,44,Medium,Light,Average,1,Healthy,Basic,Day,Rare,Low
Nazia Sultana,Pallmall Group,20,Cutting,44,Medium,Light,Average,0,Healthy,Basic,Evening,Rare,Low
Taslima Akter,Pallmall Group,10,Packaging,57,None,Heavy,Average,0,Healthy,Basic,Evening,Occasional,Low
Shamina Begum,Pallmall Group,36,Ironing,67,None,Light,Poor,1,Healthy,Advanced,Night,Rare,High
Mushfiqur Rahman,Pallmall Group,35,Packaging,38,None,Light,Average,1,Minor_Chronic,Basic,Day,Occasional,Low
Nazia Sultana,Pallmall Group,34,Supervisor,48,Low,None,Good,1,Healthy,None,Evening,Rare,Medium
Fariha Khan,Pallmall Group,18,Sewing,48,Low,None,Average,0,Healthy,Basic,Day,Occasional,Low
Mushfiqur Rahman,Pallmall Group,19,Supervisor,45,Medium,Light,Good,2,Minor_Chronic,Basic,Day,Rare,Low
Mariam Noor,Pallmall Group,17,Sewing,56,None,Light,Average,1,Healthy,None,Day,Frequent,Low
Shahidul Islam,Pallmall Group,40,Sewing,51,None,Light,Average,0,Minor_Chronic,Basic,Night,Occasional,Low
Mariam Noor,Pallmall Group,13,Sewing,37,None,Light,Poor,0,Minor_Chronic,Basic,Night,Rare,Medium
Nazia Sultana,Pallmall Group,14,Cutting,44,None,None,Average,1,Healthy,Basic,Day,Frequent,Low
Taslima Akter,Pallmall Group,30,Dyeing,45,None,Light,Good,1,Healthy,Basic,Day,Rare,Medium
Shamina Begum,Pallmall Group,0,Sewing,47,Low,Light,Average,1,Minor_Chronic,Basic,Evening,Occasional,Medium
Rasel Hossain,Pallmall Group,2,Sewing,64,Low,Light,Poor,0,Healthy,Advanced,Evening,Rare,Medium
Rasel Hossain,Pallmall Group,15,Machine_Maintenance,45,Low,None,Poor,1,Minor_Chronic,Advanced,Evening,Frequent,Medium
Abdul Latif,Pallmall Group,22,Packaging,44,None,None,Average,2,Healthy,Basic,Night,Occasional,Medium
Shamina Begum,Pallmall Group,10,Packaging,36,None,Heavy,Average,2,Healthy,Basic,Night,Rare,Medium
Shahidul Islam,Pallmall Group,11,Machine_Maintenance,41,None,None,Average,0,Healthy,Advanced,Day,Frequent,Low
Shamina Begum,Pallmall Group,9,Packaging,56,Medium,None,Good,0,Healthy,Advanced,Day,Rare,Low
Mariam Noor,Pallmall Group,31,Sewing,58,None,None,Average,2,Healthy,Advanced,Evening,Frequent,Low
Taslima Akter,Pallmall Group,15,Cutting,31,Medium,Light,Average,0,Healthy,None,Night,Rare,Medium
Rasel Hossain,Pallmall Group,7,Packaging,45,None,Light,Poor,1,Healthy,None,Day,Frequent,Medium
Fariha Khan,Pallmall Group,37,Sewing,47,Medium,Light,Poor,1,Minor_Chronic,Advanced,Evening,Occasional,Medium
Shahidul Islam,Pallmall Group,11,Packaging,36,Medium,Light,Average,0,Healthy,Advanced,Day,Frequent,Low
Nazia Sultana,Pallmall Group,23,Sewing,40,None,Light,Good,1,Minor_Chronic,Basic,Night,Frequent,Low
Rahim Ahmed,Pallmall Group,27,Cutting,42,Low,None,Average,1,Healthy,Advanced,Evening,Frequent,Low
Mushfiqur Rahman,Pallmall Group,7,Ironing,54,None,Heavy,Average,0,Healthy,Advanced,Day,Occasional,Medium
Mushfiqur Rahman,Pallmall Group,27,Dyeing,42,Medium,Light,Poor,1,Minor_Chronic,Basic,Day,Frequent,High
Rasel Hossain,Pallmall Group,35,Dyeing,55,None,Light,Good,0,Healthy,Basic,Day,Occasional,Low
Rasel Hossain,Pallmall Group,25,Packaging,64,None,Light,Good,0,Minor_Chronic,Basic,Night,Rare,Medium
Fariha Khan,Pallmall Group,7,Sewing,46,Low,None,Average,0,Healthy,Basic,Evening,Frequent,Low
Shamina Begum,Pallmall Group,27,Sewing,53,Medium,Light,Poor,0,Healthy,Advanced,Evening,Occasional,Low
Rasel Hossain,Pallmall Group,27,Packaging,53,None,Light,Average,0,Minor_Chronic,Basic,Day,Rare,Low
Taslima Akter,Pallmall Group,36,Packaging,52,Low,None,Good,2,Healthy,Advanced,Day,Occasional,Low
Mushfiqur Rahman,Pallmall Group,40,Sewing,53,None,Heavy,Average,1,Healthy,Advanced,Day,Occasional,Low
Shamina Begum,Pallmall Group,35,Packaging,53,None,Heavy,Average,0,Healthy,None,Day,Occasional,Medium
Shamina Begum,Pallmall Group,26,Sewing,55,Low,Light,Poor,0,Minor_Chronic,None,Day,Occasional,Low
Mariam Noor,Pallmall Group,16,Ironing,45,None,Heavy,Poor,0,Minor_Chronic,Basic,Day,Rare,Medium
Mariam Noor,Pallmall Group,8,Sewing,59,None,None,Poor,1,Healthy,Basic,Day,Occasional,Medium
Nazia Sultana,Pallmall Group,32,Packaging,30,Medium,None,Good,1,Serious_Chronic,Basic,Evening,Frequent,Medium
Nazia Sultana,Pallmall Group,19,Dyeing,29,None,None,Average,0,Healthy,None,Night,Occasional,Low
Rahim Ahmed,Pallmall Group,12,Sewing,60,Low,Light,Average,1,Serious_Chronic,Basic,Day,Occasional,Medium
Mushfiqur Rahman,Pallmall Group,27,Packaging,46,None,None,Poor,0,Healthy,None,Evening,Rare,Medium
Rasel Hossain,Pallmall Group,28,Cutting,44,None,Heavy,Good,0,Healthy,Basic,Day,Rare,Low
Shamina Begum,Pallmall Group,12,Sewing,60,None,None,Good,0,Minor_Chronic,None,Day,Occasional,Low
Nazia Sultana,Pallmall Group,34,Sewing,39,Low,Light,Poor,1,Healthy,Advanced,Night,Rare,High
Shamina Begum,Pallmall Group,5,Sewing,30,Low,Heavy,Good,0,Serious_Chronic,Basic,Day,Occasional,High
Nazia Sultana,Pallmall Group,17,Sewing,53,None,Light,Poor,1,Healthy,Advanced,Day,Occasional,Low
Taslima Akter,Pallmall Group,4,Dyeing,62,None,Light,Poor,0,Healthy,Advanced,Day,Occasional,Medium
Shahidul Islam,Pallmall Group,24,Packaging,35,Medium,Light,Poor,0,Serious_Chronic,Advanced,Day,Occasional,Medium
Nazia Sultana,Pallmall Group,1,Ironing,63,None,Light,Good,1,Serious_Chronic,Basic,Evening,Frequent,Medium
Rasel Hossain,Pallmall Group,9,Sewing,34,Medium,Light,Good,0,Healthy,Advanced,Day,Rare,Low
Shamina Begum,Pallmall Group,29,Sewing,63,None,Light,Average,1,Healthy,None,Day,Occasional,Medium
Abdul Latif,Pallmall Group,4,Sewing,43,Low,Light,Average,0,Minor_Chronic,None,Night,Frequent,Low
Fariha Khan,Pallmall Group,32,Cutting,51,None,Heavy,Average,0,Serious_Chronic,Advanced,Day,Frequent,Medium
Taslima Akter,Pallmall Group,0,Packaging,28,Medium,Heavy,Good,1,Healthy,None,Day,Occasional,High
Mariam Noor,Pallmall Group,17,Sewing,52,Low,Light,Average,0,Healthy,Advanced,Night,Occasional,Low
Fariha Khan,Pallmall Group,31,Packaging,37,None,Light,Average,0,Minor_Chronic,Basic,Day,Rare,Low
Rasel Hossain,Pallmall Group,10,Packaging,43,None,Light,Average,0,Healthy,Basic,Night,Rare,Low
Rahim Ahmed,Pallmall Group,20,Ironing,43,Low,Heavy,Poor,0,Serious_Chronic,None,Night,Occasional,High
Shahidul Islam,Pallmall Group,25,Packaging,35,Low,None,Average,1,Healthy,Basic,Day,Rare,Low
Mushfiqur Rahman,Pallmall Group,24,Ironing,56,None,Light,Average,0,Healthy,Basic,Day,Frequent,Low
Fariha Khan,Pallmall Group,21,Dyeing,66,None,Light,Poor,0,Healthy,Basic,Day,Occasional,Medium
Rasel Hossain,Pallmall Group,26,Ironing,55,Medium,Heavy,Good,0,Healthy,Basic,Night,Rare,Medium
Mariam Noor,Pallmall Group,12,Ironing,33,None,None,Poor,1,Healthy,None,Day,Rare,High
Fariha Khan,Pallmall Group,32,Sewing,43,Low,Light,Good,1,Serious_Chronic,Basic,Evening,Occasional,Medium
Nazia Sultana,Pallmall Group,33,Cutting,47,None,Light,Poor,1,Healthy,Basic,Night,Rare,Medium
Abdul Latif,Pallmall Group,40,Sewing,43,Medium,None,Poor,1,Minor_Chronic,None,Night,Occasional,High
Rasel Hossain,Pallmall Group,34,Ironing,34,Medium,Light,Average,1,Healthy,None,Night,Frequent,Medium
Abdul Latif,Pallmall Group,0,Sewing,68,High,Light,Average,0,Minor_Chronic,Basic,Evening,Frequent,Medium
Mariam Noor,Pallmall Group,20,Machine_Maintenance,41,None,Light,Average,1,Healthy,Basic,Night,Occasional,Medium
Taslima Akter,Pallmall Group,5,Packaging,53,Medium,None,Poor,1,Healthy,Basic,Day,Frequent,Medium
Rasel Hossain,Pallmall Group,27,Cutting,53,None,None,Poor,0,Healthy,Basic,Evening,Occasional,Low
Abdul Latif,Pallmall Group,16,Sewing,41,Low,Light,Average,1,Healthy,Basic,Evening,Occasional,Low
Rahim Ahmed,Pallmall Group,4,Machine_Maintenance,34,Low,Light,Average,0,Serious_Chronic,Basic,Day,Occasional,Medium
Mushfiqur Rahman,Pallmall Group,30,Packaging,60,None,Heavy,Average,0,Healthy,Basic,Day,Rare,Medium
Shahidul Islam,Pallmall Group,4,Packaging,53,High,None,Poor,0,Healthy,Basic,Evening,Rare,High
Rahim Ahmed,Pallmall Group,37,Sewing,47,None,None,Average,0,Healthy,Basic,Day,Occasional,Low
Rasel Hossain,Pallmall Group,2,Cutting,30,Low,Light,Average,1,Healthy,None,Day,Frequent,Medium
Fariha Khan,Pallmall Group,22,Sewing,31,Medium,Light,Good,0,Healthy,Basic,Day,Occasional,Low
Abdul Latif,Pallmall Group,36,Sewing,53,Medium,Light,Average,3,Healthy,Basic,Night,Occasional,Medium
Rahim Ahmed,Pallmall Group,36,Packaging,38,None,Heavy,Poor,1,Healthy,Basic,Day,Occasional,Medium
Fariha Khan,Pallmall Group,9,Packaging,29,None,None,Poor,0,Serious_Chronic,Advanced,Night,Occasional,Medium
Nazia Sultana,Pallmall Group,9,Dyeing,41,Medium,Light,Average,0,Healthy,Basic,Day,Occasional,Medium
Fariha Khan,Pallmall Group,18,Machine_Maintenance,57,None,Light,Average,4,Healthy,Basic,Day,Frequent,High
Shamina Begum,Pallmall Group,16,Dyeing,39,None,Light,Good,0,Minor_Chronic,Advanced,Day,Occasional,Low
Fariha Khan,Pallmall Group,20,Ironing,53,None,Heavy,Average,1,Minor_Chronic,Basic,Evening,Rare,Medium
Fariha Khan,Pallmall Group,13,Cutting,60,None,Light,Average,0,Minor_Chronic,Advanced,Night,Occasional,Medium
Taslima Akter,Pallmall Group,8,Machine_Maintenance,40,Medium,Light,Average,0,Healthy,None,Evening,Occasional,Medium
Shamina Begum,Pallmall Group,0,Sewing,41,None,Light,Average,0,Healthy,Advanced,Evening,Occasional,Low
Mushfiqur Rahman,Pallmall Group,12,Machine_Maintenance,51,Low,Light,Poor,1,Serious_Chronic,None,Day,Occasional,High
Shahidul Islam,Pallmall Group,3,Packaging,61,None,Heavy,Poor,1,Healthy,Basic,Evening,Occasional,High
Nazia Sultana,Pallmall Group,0,Sewing,53,None,Heavy,Average,0,Healthy,Basic,Day,Rare,Medium
Mariam Noor,Pallmall Group,39,Ironing,48,None,Heavy,Poor,1,Healthy,Advanced,Day,Rare,High
Rahim Ahmed,Pallmall Group,31,Packaging,55,None,Light,Poor,0,Healthy,Basic,Night,Occasional,Low
Shamina Begum,Pallmall Group,33,Dyeing,63,None,Light,Poor,0,Minor_Chronic,Advanced,Night,Occasional,Medium
Mushfiqur Rahman,Pallmall Group,27,Machine_Maintenance,67,Low,Light,Poor,0,Healthy,Basic,Day,Rare,High
Fariha Khan,Pallmall Group,30,Machine_Maintenance,29,None,Light,Poor,2,Minor_Chronic,None,Night,Occasional,High
Abdul Latif,Pallmall Group,7,Cutting,36,None,None,Average,0,Healthy,Basic,Evening,Frequent,Low
Fariha Khan,Pallmall Group,38,Cutting,50,None,Light,Average,2,Serious_Chronic,Basic,Day,Rare,High
Rasel Hossain,Pallmall Group,25,Machine_Maintenance,42,None,Heavy,Average,0,Healthy,Basic,Day,Frequent,Medium
Abdul Latif,Pallmall Group,33,Packaging,40,Medium,Light,Average,2,Healthy,Advanced,Night,Frequent,Medium
Mariam Noor,Pallmall Group,2,Sewing,50,Low,Light,Good,0,Healthy,Advanced,Evening,Frequent,Low
Nazia Sultana,Pallmall Group,11,Sewing,44,None,Heavy,Poor,2,Minor_Chronic,Basic,Day,Frequent,High
Mariam Noor,Pallmall Group,0,Ironing,29,None,None,Average,0,Minor_Chronic,Advanced,Evening,Occasional,Low
Rasel Hossain,Pallmall Group,4,Machine_Maintenance,47,High,Light,Poor,0,Healthy,None,Evening,Occasional,High
Mushfiqur Rahman,Pallmall Group,29,Packaging,47,None,Light,Average,0,Healthy,None,Day,Occasional,Low
Mariam Noor,Pallmall Group,29,Packaging,30,Medium,Light,Good,0,Minor_Chronic,Advanced,Evening,Rare,Low
Mariam Noor,Pallmall Group,16,Sewing,39,None,Light,Average,0,Minor_Chronic,Advanced,Day,Rare,Low
Shamina Begum,Pallmall Group,22,Sewing,67,Medium,None,Average,0,Healthy,None,Evening,Rare,Medium
Rasel Hossain,Pallmall Group,14,Machine_Maintenance,29,Medium,Light,Average,0,Minor_Chronic,Basic,Night,Rare,High
Rasel Hossain,Pallmall Group,36,Sewing,63,Low,None,Average,1,Healthy,Advanced,Night,Occasional,Medium
Rasel Hossain,Pallmall Group,20,Sewing,41,None,Heavy,Poor,0,Healthy,None,Evening,Frequent,Medium
Rasel Hossain,Pallmall Group,13,Sewing,43,None,Light,Average,1,Healthy,Basic,Night,Frequent,Low
Shamina Begum,Pallmall Group,1,Packaging,46,None,Light,Average,1,Serious_Chronic,Basic,Night,Rare,High
Abdul Latif,Pallmall Group,10,Machine_Maintenance,61,None,None,Average,1,Healthy,Advanced,Day,Rare,Medium
Nazia Sultana,Pallmall Group,38,Sewing,33,None,None,Poor,0,Healthy,Advanced,Night,Occasional,Low
Mushfiqur Rahman,Pallmall Group,37,Ironing,40,None,Light,Good,2,Serious_Chronic,Advanced,Day,Occasional,Medium
Abdul Latif,Pallmall Group,33,Dyeing,63,Low,None,Poor,1,Healthy,Basic,Day,Frequent,High
Shamina Begum,Pallmall Group,37,Supervisor,49,Low,Light,Poor,0,Minor_Chronic,Basic,Evening,Occasional,Low
Rahim Ahmed,Pallmall Group,33,Sewing,45,None,Light,Average,1,Minor_Chronic,None,Day,Occasional,Low
Mariam Noor,Pallmall Group,17,Ironing,39,None,Heavy,Poor,1,Serious_Chronic,Advanced,Day,Rare,High
Rahim Ahmed,Pallmall Group,29,Cutting,57,High,Light,Average,1,Healthy,Basic,Evening,Rare,High
Rasel Hossain,Pallmall Group,14,Packaging,67,None,Light,Average,0,Healthy,Basic,Day,Rare,Low
Taslima Akter,Pallmall Group,26,Ironing,34,Medium,Light,Average,2,Minor_Chronic,Advanced,Night,Occasional,Medium
Rasel Hossain,Pallmall Group,33,Sewing,59,None,Light,Average,2,Healthy,None,Day,Frequent,Medium
Fariha Khan,Pallmall Group,37,Dyeing,46,None,Light,Average,0,Healthy,Advanced,Night,Rare,Low
Shamina Begum,Pallmall Group,32,Packaging,33,None,None,Good,0,Healthy,Basic,Day,Rare,Low
Shahidul Islam,Pallmall Group,23,Sewing,47,None,Heavy,Average,2,Healthy,Basic,Evening,Occasional,Medium
Shamina Begum,Pallmall Group,14,Packaging,54,Medium,None,Average,2,Serious_Chronic,None,Day,Rare,High
Rahim Ahmed,Pallmall Group,29,Sewing,64,Low,None,Good,0,Healthy,Advanced,Evening,Frequent,Low
Mushfiqur Rahman,Pallmall Group,16,Ironing,34,None,Light,Poor,1,Healthy,Advanced,Day,Rare,Medium
Taslima Akter,Pallmall Group,4,Cutting,32,High,Heavy,Average,0,Healthy,None,Day,Frequent,High
Fariha Khan,Pallmall Group,28,Packaging,38,None,Light,Poor,0,Healthy,None,Day,Frequent,Low
Shahidul Islam,Pallmall Group,3,Cutting,42,High,Heavy,Poor,0,Healthy,Advanced,Evening,Frequent,High
Rasel Hossain,Pallmall Group,9,Packaging,30,High,Light,Poor,1,Minor_Chronic,None,Night,Rare,High
Mushfiqur Rahman,Pallmall Group,16,Packaging,32,None,Light,Average,1,Healthy,Basic,Day,Rare,Low
Fariha Khan,Pallmall Group,9,Dyeing,50,None,Light,Average,1,Healthy,Basic,Evening,Frequent,Low
Nazia Sultana,Pallmall Group,16,Packaging,64,None,Heavy,Average,2,Minor_Chronic,Advanced,Evening,Frequent,High
Shahidul Islam,Pallmall Group,19,Packaging,36,Low,None,Good,0,Healthy,Basic,Day,Occasional,Low
Mushfiqur Rahman,Pallmall Group,23,Sewing,42,Low,Light,Average,0,Healthy,Basic,Day,Occasional,Low
Mushfiqur Rahman,Pallmall Group,4,Cutting,30,High,None,Good,2,Serious_Chronic,Advanced,Day,Rare,High
Abdul Latif,Pallmall Group,33,Machine_Maintenance,56,Low,Heavy,Good,1,Healthy,Basic,Day,Frequent,High
Rahim Ahmed,Pallmall Group,5,Sewing,33,None,Light,Average,0,Minor_Chronic,Basic,Day,Rare,Low
Mariam Noor,Pallmall Group,1,Packaging,44,None,Light,Good,1,Minor_Chronic,None,Day,Rare,Medium
Fariha Khan,Pallmall Group,12,Supervisor,53,Low,Light,Average,0,Minor_Chronic,Advanced,Day,Rare,Low
Taslima Akter,Pallmall Group,10,Sewing,48,None,Heavy,Good,1,Minor_Chronic,Basic,Night,Occasional,Medium
Rahim Ahmed,Pallmall Group,22,Packaging,35,Medium,Heavy,Poor,0,Healthy,None,Night,Rare,High
Abdul Latif,Pallmall Group,15,Ironing,48,None,Light,Average,1,Minor_Chronic,Basic,Evening,Occasional,Low
Mushfiqur Rahman,Pallmall Group,30,Dyeing,38,None,Light,Average,0,Minor_Chronic,Basic,Evening,Occasional,Low
Shamina Begum,Pallmall Group,10,Sewing,65,None,None,Average,1,Healthy,Advanced,Day,Rare,Low
Mushfiqur Rahman,Pallmall Group,15,Sewing,35,Low,Heavy,Good,0,Healthy,Basic,Day,Occasional,Medium
Nazia Sultana,Pallmall Group,7,Dyeing,51,None,Light,Good,0,Minor_Chronic,Basic,Day,Rare,Low
Shahidul Islam,Pallmall Group,3,Packaging,62,Medium,Light,Average,1,Healthy,Basic,Evening,Rare,Medium
Abdul Latif,Pallmall Group,39,Packaging,41,None,Light,Good,0,Minor_Chronic,None,Night,Occasional,Low
Shahidul Islam,Pallmall Group,3,Ironing,41,Medium,Heavy,Poor,0,Healthy,Advanced,Day,Occasional,Medium
Taslima Akter,Pallmall Group,24,Sewing,37,Low,Light,Average,0,Healthy,None,Day,Rare,Low
Mushfiqur Rahman,Pallmall Group,2,Packaging,39,None,Light,Average,1,Healthy,Basic,Evening,Frequent,Low
Nazia Sultana,Pallmall Group,31,Sewing,65,Medium,Heavy,Poor,2,Healthy,Advanced,Night,Frequent,High
Rahim Ahmed,Pallmall Group,2,Machine_Maintenance,61,None,Light,Average,0,Healthy,Basic,Day,Occasional,Medium
Rahim Ahmed,Pallmall Group,26,Packaging,68,None,Light,Average,0,Healthy,None,Day,Occasional,Low
Rasel Hossain,Pallmall Group,28,Packaging,37,None,Heavy,Poor,0,Healthy,Advanced,Night,Rare,Medium
Abdul Latif,Pallmall Group,31,Machine_Maintenance,44,Medium,Heavy,Average,0,Healthy,Basic,Day,Frequent,High
Mushfiqur Rahman,Pallmall Group,18,Sewing,44,Medium,Heavy,Average,0,Healthy,Basic,Evening,Occasional,Low
Mariam Noor,Pallmall Group,20,Packaging,30,Low,Light,Average,1,Minor_Chronic,Advanced,Night,Rare,Medium
Nazia Sultana,Pallmall Group,4,Cutting,58,Low,Light,Poor,0,Healthy,Advanced,Night,Frequent,Medium
Taslima Akter,Pallmall Group,17,Machine_Maintenance,28,Medium,Heavy,Good,0,Healthy,Basic,Day,Occasional,High
Mushfiqur Rahman,Pallmall Group,27,Sewing,39,None,Light,Good,0,Healthy,Basic,Day,Occasional,Low
Taslima Akter,Pallmall Group,21,Packaging,66,Medium,Heavy,Poor,1,Healthy,Advanced,Day,Rare,High
Mushfiqur Rahman,Pallmall Group,20,Machine_Maintenance,31,None,Heavy,Poor,1,Healthy,None,Evening,Rare,High
Taslima Akter,Pallmall Group,5,Sewing,40,High,Light,Good,1,Healthy,None,Evening,Frequent,High
Mariam Noor,Pallmall Group,0,Cutting,61,Low,Heavy,Average,1,Healthy,Advanced,Night,Occasional,High
Shahidul Islam,Pallmall Group,4,Packaging,48,Medium,Heavy,Poor,1,Healthy,Basic,Day,Rare,High
Mushfiqur Rahman,Pallmall Group,40,Ironing,49,Low,Light,Average,0,Healthy,None,Evening,Occasional,Low
Rahim Ahmed,Pallmall Group,11,Sewing,31,None,Light,Average,1,Serious_Chronic,Basic,Day,Occasional,Medium
Nazia Sultana,Pallmall Group,25,Sewing,45,Low,None,Average,0,Healthy,None,Day,Rare,Low
Mushfiqur Rahman,Pallmall Group,33,Sewing,32,None,Light,Poor,0,Minor_Chronic,None,Day,Occasional,Low
Shamina Begum,Pallmall Group,13,Packaging,46,Low,None,Average,1,Healthy,None,Day,Occasional,Low
Shahidul Islam,Pallmall Group,25,Dyeing,29,Low,Light,Poor,0,Healthy,Advanced,Night,Rare,High
Mariam Noor,Pallmall Group,26,Sewing,39,Medium,Heavy,Good,4,Healthy,Advanced,Day,Rare,High
Mushfiqur Rahman,Pallmall Group,8,Cutting,44,Low,Heavy,Average,1,Healthy,Basic,Day,Rare,Medium
Taslima Akter,Pallmall Group,25,Cutting,37,None,Light,Average,0,Minor_Chronic,Basic,Day,Occasional,Low
Shahidul Islam,Pallmall Group,21,Sewing,61,None,Light,Average,1,Healthy,Advanced,Day,Occasional,Low
Rasel Hossain,Pallmall Group,29,Cutting,33,Low,Light,Average,0,Healthy,Basic,Day,Rare,Low
Fariha Khan,Pallmall Group,16,Cutting,35,None,Heavy,Good,0,Healthy,Basic,Night,Occasional,Low
Rasel Hossain,Pallmall Group,25,Cutting,38,None,Light,Poor,0,Healthy,Advanced,Night,Occasional,Low
Shamina Begum,Pallmall Group,35,Packaging,39,Medium,Light,Good,1,Healthy,Basic,Day,Occasional,Low
Taslima Akter,Pallmall Group,0,Sewing,36,Low,Heavy,Poor,0,Healthy,Basic,Evening,Rare,High
Taslima Akter,Pallmall Group,7,Dyeing,29,Low,Light,Average,0,Healthy,Advanced,Day,Occasional,Medium
Rasel Hossain,Pallmall Group,34,Dyeing,35,None,Heavy,Average,0,Healthy,Basic,Day,Occasional,Medium
Nazia Sultana,Pallmall Group,14,Ironing,38,Low,Heavy,Average,0,Healthy,Basic,Evening,Occasional,Medium
Shamina Begum,Pallmall Group,21,Dyeing,63,None,Heavy,Good,1,Healthy,Basic,Day,Occasional,High
Rahim Ahmed,Pallmall Group,13,Ironing,37,Low,Light,Average,1,Healthy,Basic,Day,Rare,Low
Shamina Begum,Pallmall Group,25,Machine_Maintenance,48,None,Light,Average,0,Healthy,Advanced,Day,Frequent,Low
Rasel Hossain,Pallmall Group,27,Packaging,47,Medium,Heavy,Good,0,Minor_Chronic,Basic,Day,Frequent,Medium
Mushfiqur Rahman,Pallmall Group,22,Ironing,35,None,Light,Poor,0,Healthy,Basic,Day,Occasional,Low
Fariha Khan,Pallmall Group,13,Packaging,63,None,Light,Good,0,Healthy,None,Day,Frequent,Low
Rahim Ahmed,Pallmall Group,23,Dyeing,56,Low,None,Average,0,Healthy,Advanced,Day,Occasional,Low
Shamina Begum,Pallmall Group,1,Sewing,39,Low,None,Average,0,Healthy,Basic,Evening,Rare,Medium
Rahim Ahmed,Pallmall Group,25,Sewing,41,None,Light,Poor,0,Minor_Chronic,Basic,Day,Occasional,Low
Shahidul Islam,Pallmall Group,13,Sewing,48,Medium,Light,Average,2,Healthy,Basic,Day,Frequent,Low
Shamina Begum,Pallmall Group,6,Machine_Maintenance,49,None,Light,Poor,1,Serious_Chronic,Basic,Day,Rare,High
Nazia Sultana,Pallmall Group,2,Packaging,48,Medium,Light,Poor,0,Healthy,None,Night,Occasional,High
Mushfiqur Rahman,Pallmall Group,22,Machine_Maintenance,57,Medium,Light,Poor,2,Healthy,None,Day,Frequent,High
Fariha Khan,Pallmall Group,17,Dyeing,66,None,Light,Average,1,Healthy,Advanced,Night,Frequent,Medium
Rasel Hossain,Pallmall Group,37,Ironing,47,Medium,Light,Average,0,Healthy,Basic,Day,Rare,Low
Mariam Noor,Pallmall Group,34,Sewing,51,None,Light,Good,0,Healthy,Basic,Night,Rare,Low
Shahidul Islam,Pallmall Group,14,Packaging,50,None,Light,Poor,2,Healthy,None,Day,Rare,High
Shahidul Islam,Pallmall Group,24,Dyeing,34,High,None,Average,0,Healthy,Basic,Day,Occasional,Medium
Shamina Begum,Pallmall Group,36,Supervisor,36,Low,Light,Average,1,Minor_Chronic,Basic,Day,Frequent,Low
Rasel Hossain,Pallmall Group,27,Sewing,28,None,Light,Average,1,Minor_Chronic,Basic,Evening,Occasional,Low
Taslima Akter,Pallmall Group,9,Ironing,53,None,Light,Good,0,Healthy,Basic,Evening,Frequent,Low
Rahim Ahmed,Pallmall Group,38,Dyeing,65,None,Light,Average,0,Healthy,None,Day,Occasional,Medium
Fariha Khan,Pallmall Group,16,Dyeing,65,High,Light,Good,0,Healthy,Basic,Day,Occasional,High
Mariam Noor,Pallmall Group,38,Ironing,49,None,None,Average,0,Minor_Chronic,Advanced,Evening,Rare,Low
Mushfiqur Rahman,Pallmall Group,21,Packaging,37,None,Heavy,Average,1,Healthy,Basic,Night,Rare,Low
Taslima Akter,Pallmall Group,25,Sewing,33,None,None,Average,0,Healthy,Basic,Night,Rare,Low
Fariha Khan,Pallmall Group,24,Packaging,44,None,Heavy,Good,1,Healthy,Basic,Evening,Rare,Low
Rasel Hossain,Pallmall Group,16,Dyeing,65,None,Light,Good,0,Healthy,Basic,Day,Rare,Low
Mushfiqur Rahman,Pallmall Group,12,Machine_Maintenance,51,None,Light,Average,0,Minor_Chronic,Advanced,Day,Rare,Low
Abdul Latif,Pallmall Group,19,Packaging,37,None,Light,Good,0,Minor_Chronic,Basic,Night,Occasional,Low
Rasel Hossain,Pallmall Group,24,Cutting,35,None,None,Poor,2,Healthy,Advanced,Night,Occasional,Medium
Taslima Akter,Pallmall Group,3,Sewing,48,Medium,Light,Good,1,Healthy,None,Night,Rare,High
Abdul Latif,Pallmall Group,9,Supervisor,33,None,None,Poor,0,Healthy,Advanced,Evening,Occasional,Low
Fariha Khan,Pallmall Group,2,Ironing,48,Medium,Light,Poor,0,Healthy,Basic,Night,Occasional,Medium
Shahidul Islam,Pallmall Group,40,Machine_Maintenance,66,Medium,Light,Poor,1,Healthy,None,Night,Occasional,High
Fariha Khan,Pallmall Group,17,Sewing,51,Medium,Heavy,Good,1,Healthy,None,Evening,Occasional,Medium
Nazia Sultana,Pallmall Group,35,Dyeing,60,Medium,Light,Good,0,Minor_Chronic,Basic,Evening,Occasional,High
Shamina Begum,Pallmall Group,21,Packaging,45,None,Heavy,Good,1,Minor_Chronic,Basic,Day,Frequent,Low
Nazia Sultana,Pallmall Group,33,Machine_Maintenance,55,None,Light,Good,3,Healthy,Basic,Evening,Rare,Medium
Shamina Begum,Pallmall Group,7,Cutting,59,None,None,Average,0,Healthy,Basic,Night,Rare,Medium
Shahidul Islam,Pallmall Group,39,Packaging,39,None,Light,Good,1,Healthy,None,Day,Rare,Low
Mushfiqur Rahman,Pallmall Group,18,Ironing,54,Low,Light,Good,1,Minor_Chronic,Basic,Evening,Occasional,Low
Rasel Hossain,Pallmall Group,40,Sewing,37,Low,Light,Average,0,Minor_Chronic,Basic,Day,Occasional,Low
Mariam Noor,Pallmall Group,36,Packaging,59,Medium,Light,Poor,0,Healthy,Basic,Night,Occasional,Medium
Mushfiqur Rahman,Pallmall Group,5,Packaging,53,None,Light,Average,0,Healthy,None,Evening,Rare,Low
Mushfiqur Rahman,Pallmall Group,25,Machine_Maintenance,52,Medium,Heavy,Good,0,Minor_Chronic,None,Night,Occasional,High
Mushfiqur Rahman,Pallmall Group,33,Ironing,38,None,Light,Good,0,Healthy,Basic,Evening,Occasional,Low
Rasel Hossain,Pallmall Group,5,Sewing,50,None,Heavy,Good,0,Healthy,Advanced,Day,Rare,Medium
Nazia Sultana,Pallmall Group,36,Sewing,61,None,Heavy,Good,2,Healthy,Basic,Day,Occasional,High
Rasel Hossain,Pallmall Group,32,Cutting,67,Medium,Heavy,Good,0,Healthy,None,Evening,Frequent,High
Shamina Begum,Pallmall Group,21,Cutting,50,None,Light,Average,1,Healthy,None,Day,Occasional,Low
Shamina Begum,Pallmall Group,20,Packaging,56,High,None,Average,3,Healthy,Basic,Evening,Rare,High
Abdul Latif,Pallmall Group,5,Cutting,58,Medium,Light,Poor,0,Healthy,Basic,Day,Frequent,High
Rahim Ahmed,Pallmall Group,5,Machine_Maintenance,34,Medium,Light,Average,1,Minor_Chronic,Basic,Night,Rare,Medium
Taslima Akter,Pallmall Group,3,Supervisor,67,None,Light,Average,0,Healthy,Basic,Day,Occasional,Low
Fariha Khan,Pallmall Group,29,Dyeing,60,Medium,None,Good,0,Healthy,Basic,Night,Rare,High
Shamina Begum,Pallmall Group,10,Machine_Maintenance,48,Medium,Light,Average,0,Healthy,Basic,Evening,Frequent,Medium
Fariha Khan,Pallmall Group,29,Packaging,29,None,None,Poor,0,Healthy,Basic,Day,Rare,Low
Taslima Akter,Pallmall Group,30,Ironing,45,None,Heavy,Poor,0,Healthy,None,Evening,Rare,High
Shahidul Islam,Pallmall Group,23,Sewing,60,None,None,Average,2,Healthy,Basic,Night,Frequent,Medium
Abdul Latif,Pallmall Group,8,Ironing,64,None,Light,Average,0,Healthy,Basic,Evening,Occasional,Low
Mushfiqur Rahman,Pallmall Group,2,Ironing,61,Low,Heavy,Average,0,Minor_Chronic,Advanced,Day,Occasional,Medium
Mushfiqur Rahman,Pallmall Group,30,Packaging,47,High,None,Poor,1,Minor_Chronic,Advanced,Night,Rare,High
Rahim Ahmed,Pallmall Group,39,Ironing,62,None,Light,Average,1,Minor_Chronic,Basic,Day,Occasional,Low
Shamina Begum,Pallmall Group,36,Machine_Maintenance,45,Low,Heavy,Poor,1,Healthy,None,Day,Frequent,High
Mushfiqur Rahman,Pallmall Group,35,Packaging,51,High,Light,Average,0,Healthy,Basic,Evening,Occasional,Low
Rahim Ahmed,Pallmall Group,23,Sewing,35,None,None,Average,0,Healthy,Basic,Day,Frequent,Low
Abdul Latif,Pallmall Group,30,Supervisor,57,Medium,Light,Average,0,Minor_Chronic,Advanced,Day,Frequent,Low
Shamina Begum,Pallmall Group,5,Ironing,37,Low,Light,Average,1,Healthy,Basic,Evening,Occasional,Medium
Rahim Ahmed,Pallmall Group,1,Cutting,50,Low,Light,Poor,0,Minor_Chronic,Advanced,Evening,Rare,High
Shahidul Islam,Pallmall Group,19,Dyeing,38,None,None,Good,1,Healthy,Basic,Day,Rare,Low
Rahim Ahmed,Pallmall Group,27,Sewing,29,Low,Light,Average,1,Minor_Chronic,Advanced,Evening,Rare,Low
Rasel Hossain,Pallmall Group,10,Dyeing,53,None,Light,Poor,1,Minor_Chronic,Basic,Evening,Occasional,Medium
Shahidul Islam,Pallmall Group,3,Ironing,63,Medium,Heavy,Poor,0,Healthy,Basic,Evening,Frequent,High
Shahidul Islam,Pallmall Group,14,Cutting,60,None,Light,Average,0,Minor_Chronic,Basic,Night,Occasional,Low
Mushfiqur Rahman,Pallmall Group,5,Supervisor,40,Medium,Heavy,Poor,0,Healthy,Advanced,Day,Frequent,Medium
Shamina Begum,Pallmall Group,29,Ironing,67,None,Light,Poor,1,Serious_Chronic,Basic,Evening,Frequent,High
Rahim Ahmed,Pallmall Group,37,Sewing,52,None,Light,Average,6,Minor_Chronic,Advanced,Evening,Frequent,High
Shamina Begum,Pallmall Group,1,Ironing,31,Low,Light,Average,2,Serious_Chronic,Basic,Evening,Frequent,High
Abdul Latif,Pallmall Group,14,Machine_Maintenance,46,None,Light,Average,0,Healthy,Basic,Day,Occasional,Low
Fariha Khan,Pallmall Group,10,Sewing,45,Medium,Light,Average,0,Healthy,Advanced,Day,Frequent,Low
Nazia Sultana,Pallmall Group,7,Sewing,64,High,Heavy,Poor,2,Minor_Chronic,Advanced,Day,Occasional,High
Taslima Akter,Pallmall Group,25,Sewing,57,Medium,Light,Good,0,Serious_Chronic,Advanced,Evening,Occasional,Medium
Shahidul Islam,Pallmall Group,4,Sewing,46,None,Light,Poor,0,Healthy,Basic,Day,Occasional,Low
Shahidul Islam,Pallmall Group,5,Packaging,50,Low,Light,Average,1,Healthy,Advanced,Day,Occasional,Medium
Nazia Sultana,Pallmall Group,25,Packaging,43,Low,Heavy,Poor,2,Healthy,Advanced,Evening,Occasional,High
Shahidul Islam,Pallmall Group,3,Cutting,28,Medium,Light,Good,0,Minor_Chronic,Basic,Night,Occasional,Medium
Rasel Hossain,Pallmall Group,18,Packaging,39,None,Light,Average,1,Minor_Chronic,Advanced,Day,Rare,Low
Mariam Noor,Pallmall Group,19,Cutting,51,None,Light,Poor,0,Healthy,None,Night,Rare,High
Rahim Ahmed,Pallmall Group,32,Supervisor,61,Low,Light,Average,0,Healthy,None,Day,Occasional,Low
Taslima Akter,Pallmall Group,19,Supervisor,35,None,Heavy,Poor,1,Healthy,Basic,Day,Frequent,Low
Abdul Latif,Pallmall Group,11,Cutting,45,None,Heavy,Average,1,Healthy,None,Evening,Occasional,Medium
Mariam Noor,Pallmall Group,0,Packaging,32,None,Light,Average,0,Minor_Chronic,Basic,Day,Rare,Low
Shamina Begum,Pallmall Group,25,Packaging,53,Medium,Light,Poor,0,Healthy,Basic,Night,Frequent,Medium
Mushfiqur Rahman,Pallmall Group,13,Cutting,57,Medium,Heavy,Average,2,Healthy,None,Day,Frequent,High
Taslima Akter,Pallmall Group,37,Sewing,40,Low,Light,Poor,0,Minor_Chronic,Basic,Day,Frequent,Low
Abdul Latif,Pallmall Group,36,Ironing,46,None,Heavy,Average,2,Healthy,Basic,Evening,Occasional,Medium
Shamina Begum,Pallmall Group,10,Packaging,56,None,Light,Average,1,Healthy,None,Evening,Rare,Medium
Mushfiqur Rahman,Pallmall Group,35,Supervisor,30,High,None,Average,0,Minor_Chronic,None,Night,Rare,Medium
Mariam Noor,Pallmall Group,12,Packaging,53,High,None,Good,0,Healthy,Basic,Day,Occasional,Low
Shamina Begum,Pallmall Group,2,Packaging,67,Medium,Light,Average,0,Minor_Chronic,Advanced,Day,Rare,Medium
Nazia Sultana,Pallmall Group,32,Dyeing,39,Medium,Heavy,Good,0,Healthy,Advanced,Day,Rare,High
Mariam Noor,Pallmall Group,5,Packaging,29,None,None,Average,1,Minor_Chronic,None,Evening,Frequent,Medium
Shahidul Islam,Pallmall Group,9,Packaging,38,Medium,Light,Poor,0,Healthy,Basic,Evening,Occasional,Medium
Taslima Akter,Pallmall Group,4,Cutting,55,None,Light,Average,0,Healthy,Basic,Night,Rare,Low
Abdul Latif,Pallmall Group,22,Ironing,45,None,Heavy,Average,0,Healthy,Basic,Evening,Rare,Low
Nazia Sultana,Pallmall Group,9,Packaging,40,Low,Light,Average,1,Serious_Chronic,Advanced,Night,Occasional,Medium
Rasel Hossain,Pallmall Group,1,Sewing,64,None,Heavy,Poor,0,Serious_Chronic,Basic,Night,Rare,High
Fariha Khan,Pallmall Group,12,Packaging,49,None,None,Poor,1,Healthy,Basic,Day,Occasional,Low
Nazia Sultana,Pallmall Group,39,Sewing,39,None,Heavy,Average,1,Healthy,Basic,Day,Rare,Low
Mariam Noor,Pallmall Group,1,Ironing,29,None,Light,Average,2,Healthy,Advanced,Day,Frequent,Medium
Rahim Ahmed,Pallmall Group,19,Packaging,64,Medium,Light,Average,1,Healthy,Basic,Day,Frequent,Medium
Rasel Hossain,Pallmall Group,0,Sewing,34,None,Heavy,Poor,1,Minor_Chronic,Basic,Day,Occasional,High
Fariha Khan,Pallmall Group,36,Sewing,53,None,Light,Good,1,Healthy,Basic,Day,Occasional,Low
Rasel Hossain,Pallmall Group,8,Cutting,53,None,Light,Good,2,Minor_Chronic,Basic,Day,Rare,Low
Nazia Sultana,Pallmall Group,16,Machine_Maintenance,51,None,Light,Poor,0,Minor_Chronic,Advanced,Day,Occasional,Low
Mushfiqur Rahman,Pallmall Group,8,Sewing,39,None,Light,Poor,0,Healthy,None,Day,Occasional,Low
Shahidul Islam,Pallmall Group,10,Machine_Maintenance,43,Low,Light,Good,0,Minor_Chronic,Basic,Day,Occasional,Low
Rahim Ahmed,Pallmall Group,14,Sewing,50,None,Light,Good,0,Healthy,Basic,Day,Rare,Low
Fariha Khan,Pallmall Group,23,Supervisor,67,Medium,None,Average,0,Healthy,None,Day,Rare,Medium
Shamina Begum,Pallmall Group,37,Supervisor,36,High,Light,Good,0,Minor_Chronic,None,Day,Rare,Low
Shahidul Islam,Pallmall Group,34,Ironing,59,Low,None,Average,0,Healthy,Basic,Night,Occasional,Medium
Shamina Begum,Pallmall Group,29,Ironing,42,None,Heavy,Poor,0,Healthy,Basic,Day,Occasional,Low
Nazia Sultana,Pallmall Group,30,Ironing,64,None,None,Average,0,Minor_Chronic,Basic,Night,Occasional,Low
Shamina Begum,Pallmall Group,4,Dyeing,40,Medium,Light,Average,0,Healthy,None,Evening,Occasional,High
Shamina Begum,Pallmall Group,13,Sewing,32,Low,None,Good,0,Healthy,Advanced,Day,Rare,Low
Abdul Latif,Pallmall Group,10,Sewing,38,Medium,None,Poor,1,Minor_Chronic,Advanced,Day,Frequent,Medium
Shamina Begum,Pallmall Group,8,Sewing,37,Medium,Light,Average,0,Healthy,Advanced,Day,Occasional,Low
Shamina Begum,Pallmall Group,33,Cutting,40,Medium,Light,Average,0,Serious_Chronic,Basic,Day,Rare,Medium
Taslima Akter,Pallmall Group,11,Sewing,68,High,None,Average,0,Healthy,Basic,Evening,Occasional,Medium
Fariha Khan,Pallmall Group,34,Dyeing,42,Low,None,Average,1,Healthy,Basic,Night,Occasional,Medium
Shamina Begum,Pallmall Group,34,Supervisor,34,None,None,Good,0,Minor_Chronic,None,Night,Rare,Low
Taslima Akter,Pallmall Group,0,Cutting,67,High,Heavy,Average,2,Healthy,Advanced,Evening,Occasional,High
Shahidul Islam,Pallmall Group,39,Dyeing,55,Low,Light,Average,0,Minor_Chronic,Advanced,Day,Frequent,Low
Mushfiqur Rahman,Pallmall Group,21,Cutting,59,None,None,Good,0,Serious_Chronic,Advanced,Day,Rare,Medium
Abdul Latif,Pallmall Group,28,Packaging,62,Low,Light,Poor,0,Minor_Chronic,Basic,Evening,Occasional,Medium
Mushfiqur Rahman,Pallmall Group,7,Machine_Maintenance,42,Low,Light,Good,0,Healthy,Advanced,Night,Rare,Medium
Shamina Begum,Pallmall Group,10,Machine_Maintenance,63,Medium,Heavy,Average,1,Healthy,Advanced,Day,Frequent,High
Mushfiqur Rahman,Pallmall Group,40,Supervisor,48,Low,Heavy,Average,1,Minor_Chronic,Basic,Night,Rare,Medium
Rahim Ahmed,Pallmall Group,36,Sewing,33,None,Light,Average,0,Healthy,Basic,Day,Rare,Low
Mushfiqur Rahman,Pallmall Group,13,Packaging,28,High,None,Good,1,Healthy,Basic,Day,Occasional,Medium
Taslima Akter,Pallmall Group,29,Packaging,31,Medium,Light,Poor,0,Healthy,None,Night,Rare,Medium
Nazia Sultana,Pallmall Group,34,Sewing,38,Low,Heavy,Average,0,Healthy,Advanced,Night,Rare,Medium
Fariha Khan,Pallmall Group,20,Supervisor,53,None,Heavy,Average,0,Healthy,Basic,Evening,Rare,Low
Abdul Latif,Pallmall Group,36,Sewing,64,None,Light,Average,0,Serious_Chronic,Basic,Day,Rare,Low
Shamina Begum,Pallmall Group,4,Packaging,50,Low,Light,Average,0,Healthy,Basic,Day,Rare,Low
Mushfiqur Rahman,Pallmall Group,18,Sewing,56,None,Light,Good,0,Healthy,Basic,Day,Frequent,Low
Rahim Ahmed,Pallmall Group,13,Cutting,48,None,Light,Good,0,Minor_Chronic,None,Evening,Frequent,Low
Nazia Sultana,Pallmall Group,25,Packaging,54,Low,Light,Average,1,Healthy,Advanced,Day,Occasional,Low
Shamina Begum,Pallmall Group,3,Ironing,66,None,Light,Average,0,Minor_Chronic,None,Evening,Occasional,Medium
Shahidul Islam,Pallmall Group,24,Cutting,67,None,None,Average,2,Healthy,Advanced,Day,Occasional,Medium
Rahim Ahmed,Pallmall Group,24,Cutting,40,None,Light,Poor,0,Minor_Chronic,Advanced,Day,Occasional,Low
Rasel Hossain,Pallmall Group,17,Packaging,50,None,Light,Good,1,Healthy,None,Evening,Occasional,Low
Shahidul Islam,Pallmall Group,39,Sewing,43,Medium,None,Good,2,Minor_Chronic,Advanced,Night,Occasional,Medium
Rahim Ahmed,Pallmall Group,7,Cutting,57,None,None,Good,0,Healthy,Basic,Day,Occasional,Low
Mushfiqur Rahman,Pallmall Group,38,Machine_Maintenance,31,None,Light,Average,1,Healthy,Basic,Night,Occasional,Medium
Rasel Hossain,Pallmall Group,39,Packaging,67,Low,Heavy,Average,0,Healthy,Basic,Day,Occasional,Low
Shahidul Islam,Pallmall Group,13,Cutting,43,High,Heavy,Poor,0,Serious_Chronic,Basic,Evening,Occasional,High
Mariam Noor,Pallmall Group,31,Packaging,58,Low,None,Average,1,Healthy,None,Night,Frequent,Medium
Shamina Begum,Pallmall Group,37,Packaging,52,None,Light,Average,2,Healthy,Advanced,Day,Occasional,Low
Rahim Ahmed,Pallmall Group,32,Machine_Maintenance,39,None,Light,Good,1,Healthy,Basic,Day,Frequent,Low
Mariam Noor,Pallmall Group,22,Ironing,53,Medium,Light,Good,1,Healthy,None,Day,Occasional,Medium
Shahidul Islam,Pallmall Group,14,Sewing,64,None,Light,Good,0,Healthy,Basic,Day,Rare,Low
Fariha Khan,Pallmall Group,32,Sewing,60,Low,Heavy,Good,1,Minor_Chronic,Basic,Evening,Occasional,Medium
Shahidul Islam,Pallmall Group,24,Sewing,55,None,Light,Poor,1,Minor_Chronic,Basic,Day,Occasional,Low
Taslima Akter,Pallmall Group,16,Dyeing,36,None,Heavy,Average,0,Serious_Chronic,None,Day,Occasional,High
Rahim Ahmed,Pallmall Group,32,Sewing,39,Medium,Heavy,Poor,0,Minor_Chronic,Basic,Evening,Occasional,Medium
Shahidul Islam,Pallmall Group,1,Dyeing,32,Low,Heavy,Poor,1,Healthy,None,Evening,Rare,High
Nazia Sultana,Pallmall Group,13,Cutting,55,Low,Light,Average,1,Minor_Chronic,Basic,Day,Frequent,Low
Shamina Begum,Pallmall Group,39,Sewing,62,None,Light,Average,2,Healthy,Advanced,Evening,Frequent,Low
Rahim Ahmed,Pallmall Group,39,Machine_Maintenance,32,None,Light,Average,2,Minor_Chronic,None,Evening,Occasional,Medium
Fariha Khan,Pallmall Group,38,Ironing,61,Low,None,Poor,0,Healthy,Basic,Day,Rare,Medium
Shamina Begum,Pallmall Group,5,Sewing,61,Low,Light,Poor,0,Minor_Chronic,Advanced,Evening,Frequent,Medium
Shamina Begum,Pallmall Group,5,Packaging,40,None,Light,Poor,1,Healthy,None,Night,Occasional,High
Nazia Sultana,Pallmall Group,2,Sewing,66,None,Light,Poor,0,Healthy,None,Day,Occasional,High
Rahim Ahmed,Pallmall Group,6,Packaging,41,None,Heavy,Poor,0,Healthy,Basic,Evening,Occasional,Medium
Taslima Akter,Pallmall Group,7,Packaging,38,High,None,Average,1,Healthy,Advanced,Night,Occasional,Medium
Rahim Ahmed,Pallmall Group,14,Cutting,65,Medium,None,Good,0,Healthy,Advanced,Night,Rare,Medium
Abdul Latif,Pallmall Group,28,Packaging,31,Medium,Heavy,Average,0,Minor_Chronic,Advanced,Evening,Occasional,Low
Shamina Begum,Pallmall Group,32,Ironing,60,None,Light,Average,1,Minor_Chronic,Basic,Evening,Occasional,Low
Abdul Latif,Pallmall Group,29,Ironing,34,High,None,Poor,0,Healthy,Advanced,Evening,Occasional,Medium
Abdul Latif,Pallmall Group,38,Sewing,68,None,Heavy,Good,0,Healthy,None,Evening,Rare,High
Mushfiqur Rahman,Pallmall Group,26,Sewing,35,Low,Heavy,Average,0,Healthy,Basic,Day,Rare,Medium
Abdul Latif,Pallmall Group,35,Machine_Maintenance,64,Medium,Light,Good,1,Minor_Chronic,Basic,Day,Rare,High
Rasel Hossain,Pallmall Group,28,Cutting,37,None,Heavy,Good,0,Healthy,None,Day,Rare,Medium
Fariha Khan,Pallmall Group,37,Ironing,42,None,Light,Good,0,Healthy,Basic,Day,Rare,Low
Fariha Khan,Pallmall Group,32,Ironing,65,None,Heavy,Poor,1,Healthy,Basic,Day,Occasional,High
Abdul Latif,Pallmall Group,36,Dyeing,42,None,Heavy,Average,0,Healthy,Basic,Day,Rare,Low
Rasel Hossain,Pallmall Group,26,Sewing,32,Low,None,Poor,0,Healthy,Basic,Night,Rare,Medium
Taslima Akter,Pallmall Group,32,Cutting,56,Low,Light,Poor,0,Healthy,Advanced,Night,Occasional,Medium
Taslima Akter,Pallmall Group,3,Packaging,46,Medium,None,Poor,0,Healthy,Basic,Evening,Rare,Medium
Taslima Akter,Pallmall Group,21,Sewing,37,Low,None,Good,1,Healthy,Basic,Night,Occasional,Medium
Rasel Hossain,Pallmall Group,1,Sewing,39,Low,Heavy,Good,0,Healthy,Basic,Night,Occasional,Medium
Shamina Begum,Pallmall Group,9,Sewing,31,None,Light,Poor,0,Healthy,Basic,Night,Rare,Medium
Taslima Akter,Pallmall Group,4,Cutting,58,None,Heavy,Average,0,Healthy,None,Day,Rare,High
Abdul Latif,Pallmall Group,9,Machine_Maintenance,45,High,Heavy,Good,0,Healthy,Advanced,Day,Occasional,High
Rahim Ahmed,Pallmall Group,32,Sewing,43,None,Heavy,Average,0,Healthy,None,Day,Rare,Low
Fariha Khan,Pallmall Group,37,Sewing,67,Low,Heavy,Average,0,Minor_Chronic,None,Day,Frequent,Medium
Shahidul Islam,Pallmall Group,12,Cutting,63,None,Light,Average,1,Healthy,None,Night,Occasional,High
Abdul Latif,Pallmall Group,30,Packaging,52,Low,Light,Average,0,Minor_Chronic,Advanced,Day,Rare,Low
Fariha Khan,Pallmall Group,35,Dyeing,50,Low,None,Average,0,Healthy,None,Day,Occasional,Low
Nazia Sultana,Pallmall Group,23,Cutting,39,None,Light,Average,1,Healthy,Basic,Day,Occasional,Low
Mariam Noor,Pallmall Group,14,Packaging,61,None,Light,Average,0,Healthy,None,Day,Rare,Low
Abdul Latif,Pallmall Group,28,Dyeing,63,Low,Light,Poor,2,Healthy,Advanced,Evening,Rare,High
Mariam Noor,Pallmall Group,7,Machine_Maintenance,64,None,Light,Average,0,Healthy,Advanced,Evening,Occasional,Medium
Fariha Khan,Pallmall Group,4,Packaging,30,None,Heavy,Poor,1,Minor_Chronic,Basic,Day,Frequent,Medium
Nazia Sultana,Pallmall Group,28,Sewing,36,Low,Light,Average,1,Minor_Chronic,Advanced,Evening,Rare,Medium
Shamina Begum,Pallmall Group,3,Sewing,45,None,Light,Poor,0,Healthy,Basic,Evening,Occasional,Low
Rahim Ahmed,Pallmall Group,11,Sewing,62,Medium,Light,Good,0,Healthy,Advanced,Evening,Rare,Medium
Shahidul Islam,Pallmall Group,1,Cutting,61,Low,None,Average,2,Healthy,Advanced,Day,Occasional,High
Mariam Noor,Pallmall Group,26,Supervisor,68,None,Light,Average,1,Healthy,Basic,Day,Occasional,Low
Shahidul Islam,Pallmall Group,30,Cutting,41,Low,Heavy,Good,2,Serious_Chronic,Basic,Day,Occasional,High
Nazia Sultana,Pallmall Group,35,Sewing,31,Low,Light,Good,0,Healthy,Advanced,Evening,Occasional,Low
Fariha Khan,Pallmall Group,35,Packaging,56,None,Light,Good,2,Serious_Chronic,Basic,Day,Rare,Medium
Rahim Ahmed,Pallmall Group,25,Ironing,68,None,Light,Average,0,Healthy,Advanced,Day,Occasional,Low
Rahim Ahmed,Pallmall Group,26,Sewing,42,None,None,Poor,1,Healthy,Basic,Day,Rare,Medium
Shahidul Islam,Pallmall Group,4,Cutting,55,None,Light,Good,1,Healthy,Basic,Evening,Occasional,Low
Shahidul Islam,Pallmall Group,19,Cutting,43,None,Light,Good,1,Healthy,Basic,Evening,Frequent,Low
Nazia Sultana,Pallmall Group,10,Packaging,39,None,Light,Good,0,Healthy,Advanced,Day,Occasional,Low
Rahim Ahmed,Pallmall Group,9,Sewing,32,None,Heavy,Average,0,Healthy,Basic,Evening,Rare,Medium
Shamina Begum,Pallmall Group,39,Sewing,61,Low,Heavy,Average,2,Healthy,None,Day,Occasional,High
Mariam Noor,Pallmall Group,37,Ironing,28,Low,Light,Poor,0,Healthy,Basic,Day,Occasional,Low
Mariam Noor,Pallmall Group,5,Sewing,66,Low,Heavy,Average,2,Healthy,Advanced,Day,Frequent,High
Shamina Begum,Pallmall Group,7,Dyeing,59,Medium,Light,Poor,1,Healthy,Basic,Day,Occasional,High
Shahidul Islam,Pallmall Group,22,Ironing,53,Medium,Heavy,Poor,2,Healthy,Basic,Night,Occasional,High
Mariam Noor,Pallmall Group,25,Cutting,44,Low,Light,Average,1,Minor_Chronic,Basic,Evening,Occasional,Low
Mariam Noor,Pallmall Group,11,Machine_Maintenance,54,Low,Light,Average,1,Healthy,Advanced,Evening,Occasional,Medium
Mariam Noor,Pallmall Group,25,Dyeing,51,None,Light,Poor,0,Healthy,None,Day,Rare,Medium
Fariha Khan,Pallmall Group,12,Sewing,62,Medium,Light,Good,1,Healthy,Basic,Day,Rare,Medium
Rahim Ahmed,Pallmall Group,39,Ironing,66,None,Light,Good,0,Minor_Chronic,None,Day,Rare,Low
Fariha Khan,Pallmall Group,17,Packaging,53,None,Light,Average,1,Healthy,Basic,Evening,Rare,Low
Rahim Ahmed,Pallmall Group,24,Packaging,65,Low,Light,Average,0,Healthy,Basic,Day,Rare,Low
Shahidul Islam,Pallmall Group,32,Sewing,50,None,Light,Good,0,Healthy,Basic,Day,Occasional,Low
Abdul Latif,Pallmall Group,39,Supervisor,49,None,Heavy,Poor,0,Minor_Chronic,Advanced,Evening,Occasional,Low
Taslima Akter,Pallmall Group,11,Cutting,31,Low,Heavy,Average,0,Healthy,Basic,Night,Frequent,Medium
Nazia Sultana,Pallmall Group,35,Sewing,36,Low,Heavy,Poor,0,Healthy,Basic,Day,Occasional,Medium
Nazia Sultana,Pallmall Group,3,Sewing,31,Low,Heavy,Average,0,Healthy,Basic,Day,Frequent,Medium
Mariam Noor,Pallmall Group,4,Sewing,34,Medium,Heavy,Average,0,Healthy,Advanced,Day,Occasional,Medium
Rahim Ahmed,Pallmall Group,36,Packaging,50,None,Light,Average,0,Minor_Chronic,Basic,Evening,Rare,Low
Taslima Akter,Pallmall Group,7,Sewing,29,None,Light,Poor,1,Healthy,None,Day,Occasional,Medium
Rahim Ahmed,Pallmall Group,27,Sewing,51,Low,Heavy,Poor,1,Minor_Chronic,None,Evening,Occasional,High
Shahidul Islam,Pallmall Group,30,Packaging,67,None,Heavy,Average,1,Healthy,Basic,Evening,Occasional,Medium
Mushfiqur Rahman,Pallmall Group,8,Cutting,58,Low,Light,Average,0,Healthy,Advanced,Day,Frequent,Medium
Abdul Latif,Pallmall Group,28,Sewing,58,None,Light,Average,0,Minor_Chronic,Basic,Day,Occasional,Low
Shamina Begum,Pallmall Group,13,Sewing,67,None,Light,Average,0,Healthy,Basic,Day,Occasional,Low
Rahim Ahmed,Pallmall Group,39,Sewing,61,Low,Heavy,Average,1,Healthy,Advanced,Day,Frequent,Medium
Shamina Begum,Pallmall Group,40,Sewing,51,Low,Light,Poor,1,Healthy,Basic,Day,Occasional,Low
Rasel Hossain,Pallmall Group,21,Dyeing,53,Low,Heavy,Poor,0,Minor_Chronic,Basic,Day,Rare,High
Abdul Latif,Pallmall Group,10,Sewing,43,None,Heavy,Average,1,Healthy,None,Evening,Occasional,Medium
Abdul Latif,Pallmall Group,22,Sewing,40,None,Light,Average,0,Healthy,None,Day,Occasional,Low
Shamina Begum,Pallmall Group,0,Packaging,42,None,Light,Poor,1,Healthy,Basic,Evening,Occasional,Medium
Abdul Latif,Pallmall Group,36,Packaging,54,None,Light,Poor,1,Serious_Chronic,Basic,Day,Frequent,Medium
Shahidul Islam,Pallmall Group,20,Cutting,31,None,None,Average,1,Healthy,Advanced,Evening,Rare,Low
Shahidul Islam,Pallmall Group,25,Ironing,43,None,None,Poor,0,Healthy,None,Night,Occasional,Low
Fariha Khan,Pallmall Group,35,Cutting,57,Low,Heavy,Average,1,Healthy,Basic,Night,Frequent,High
Mariam Noor,Pallmall Group,22,Ironing,57,None,Light,Average,1,Serious_Chronic,Basic,Day,Occasional,Medium
Abdul Latif,Pallmall Group,0,Ironing,63,Low,None,Poor,0,Minor_Chronic,Basic,Evening,Occasional,High
Rahim Ahmed,Pallmall Group,39,Cutting,30,Medium,Light,Poor,1,Healthy,Advanced,Evening,Occasional,Medium
Mushfiqur Rahman,Pallmall Group,14,Machine_Maintenance,49,None,Heavy,Good,3,Healthy,Basic,Day,Occasional,High
Rasel Hossain,Pallmall Group,20,Sewing,49,None,Light,Average,2,Healthy,Advanced,Evening,Occasional,Low
Mariam Noor,Pallmall Group,8,Packaging,39,None,Heavy,Average,0,Healthy,None,Night,Frequent,Medium
Shahidul Islam,Pallmall Group,8,Sewing,48,Low,Light,Average,0,Healthy,None,Day,Rare,Low
Mushfiqur Rahman,Pallmall Group,9,Packaging,31,None,Light,Average,4,Healthy,None,Day,Occasional,Medium
Shahidul Islam,Pallmall Group,25,Dyeing,58,None,None,Good,0,Healthy,Basic,Evening,Rare,Medium
Taslima Akter,Pallmall Group,40,Packaging,58,Low,Light,Average,0,Healthy,Basic,Day,Occasional,Low
Abdul Latif,Pallmall Group,34,Sewing,50,None,Light,Poor,0,Minor_Chronic,Advanced,Day,Occasional,Low
Rahim Ahmed,Pallmall Group,24,Ironing,47,Low,Light,Average,0,Healthy,Basic,Day,Rare,Low
Mushfiqur Rahman,Pallmall Group,25,Ironing,42,Low,Light,Average,2,Healthy,Advanced,Day,Occasional,Low
Fariha Khan,Pallmall Group,10,Packaging,50,Low,Light,Average,1,Healthy,Basic,Day,Rare,Low
Taslima Akter,Pallmall Group,37,Ironing,55,None,Light,Average,0,Healthy,Basic,Day,Occasional,Low
Shamina Begum,Pallmall Group,1,Ironing,43,Medium,Heavy,Good,1,Healthy,Basic,Day,Occasional,High
Fariha Khan,Pallmall Group,6,Cutting,64,Low,Light,Average,2,Healthy,None,Evening,Rare,High
Abdul Latif,Pallmall Group,17,Cutting,48,None,Light,Poor,0,Healthy,Advanced,Day,Rare,Medium
Shamina Begum,Pallmall Group,26,Ironing,42,None,Heavy,Poor,0,Healthy,None,Day,Occasional,Medium
Shahidul Islam,Pallmall Group,33,Sewing,44,None,Heavy,Average,0,Minor_Chronic,Advanced,Day,Occasional,Low
Taslima Akter,Pallmall Group,26,Supervisor,64,Medium,Heavy,Poor,2,Healthy,Basic,Day,Rare,High
Rasel Hossain,Pallmall Group,16,Packaging,40,Medium,Light,Average,1,Healthy,Advanced,Day,Occasional,Low
Abdul Latif,Pallmall Group,23,Supervisor,46,Low,Heavy,Average,0,Minor_Chronic,Basic,Day,Rare,Low
Shahidul Islam,Pallmall Group,24,Sewing,57,Medium,Light,Average,2,Healthy,Basic,Evening,Occasional,Medium
Shahidul Islam,Pallmall Group,6,Machine_Maintenance,45,None,None,Good,0,Healthy,Basic,Day,Occasional,Low
Shahidul Islam,Pallmall Group,5,Packaging,41,None,Heavy,Average,0,Healthy,None,Day,Rare,Medium
Nazia Sultana,Pallmall Group,23,Packaging,63,Medium,Light,Poor,0,Healthy,Basic,Evening,Rare,Medium
Shamina Begum,Pallmall Group,32,Dyeing,63,Medium,Light,Poor,2,Healthy,None,Day,Occasional,High
Fariha Khan,Pallmall Group,28,Cutting,47,None,None,Average,0,Healthy,Basic,Evening,Rare,Low
Mariam Noor,Pallmall Group,21,Packaging,46,Medium,Heavy,Poor,2,Minor_Chronic,None,Night,Rare,High
Rasel Hossain,Pallmall Group,25,Ironing,34,High,None,Average,0,Healthy,Advanced,Day,Occasional,Low
Rahim Ahmed,Pallmall Group,27,Sewing,31,Medium,None,Poor,1,Healthy,Basic,Night,Occasional,High
Nazia Sultana,Pallmall Group,20,Cutting,61,Medium,Light,Average,2,Healthy,Advanced,Night,Rare,High
Fariha Khan,Pallmall Group,6,Machine_Maintenance,29,Medium,None,Good,0,Healthy,None,Day,Occasional,Medium
Rahim Ahmed,Pallmall Group,16,Packaging,32,None,Heavy,Poor,0,Healthy,Basic,Night,Occasional,Medium
Nazia Sultana,Pallmall Group,19,Supervisor,37,Medium,Light,Average,0,Minor_Chronic,Basic,Evening,Occasional,Low
Nazia Sultana,Pallmall Group,40,Dyeing,59,None,Light,Average,0,Minor_Chronic,Basic,Night,Occasional,Low
Shahidul Islam,Pallmall Group,19,Sewing,68,Medium,Heavy,Average,1,Healthy,Advanced,Evening,Frequent,High
Shahidul Islam,Pallmall Group,21,Sewing,40,None,Light,Average,1,Healthy,Advanced,Evening,Occasional,Low
Taslima Akter,Pallmall Group,27,Sewing,66,Low,Light,Average,1,Minor_Chronic,Basic,Day,Rare,Low
Abdul Latif,Pallmall Group,39,Sewing,32,None,Heavy,Average,0,Healthy,Advanced,Day,Rare,Low
Nazia Sultana,Pallmall Group,6,Cutting,37,None,Light,Average,0,Healthy,Basic,Day,Rare,Low
Taslima Akter,Pallmall Group,0,Sewing,37,None,Light,Average,0,Healthy,Advanced,Day,Rare,Low
Shamina Begum,Pallmall Group,31,Cutting,65,High,Light,Poor,1,Serious_Chronic,Basic,Night,Rare,High
Mushfiqur Rahman,Pallmall Group,12,Machine_Maintenance,54,High,Heavy,Average,0,Healthy,Advanced,Day,Occasional,High
Mariam Noor,Pallmall Group,29,Cutting,48,None,Heavy,Good,0,Minor_Chronic,Advanced,Evening,Rare,Low
Abdul Latif,Pallmall Group,22,Machine_Maintenance,35,High,Heavy,Good,1,Healthy,None,Day,Occasional,High
Rasel Hossain,Pallmall Group,18,Dyeing,28,Medium,Heavy,Good,0,Healthy,Basic,Day,Occasional,Medium
Rasel Hossain,Pallmall Group,31,Sewing,55,Low,Heavy,Average,0,Healthy,Basic,Day,Frequent,Low
Rahim Ahmed,Pallmall Group,29,Cutting,66,None,Heavy,Average,1,Healthy,Basic,Day,Occasional,High
Mariam Noor,Pallmall Group,28,Sewing,41,Medium,None,Average,0,Minor_Chronic,Advanced,Night,Occasional,Low
Taslima Akter,Pallmall Group,28,Cutting,48,Low,Light,Average,1,Healthy,Advanced,Day,Frequent,Low
Shahidul Islam,Pallmall Group,29,Packaging,57,Medium,Heavy,Average,0,Healthy,Basic,Day,Frequent,Medium
Taslima Akter,Pallmall Group,15,Sewing,48,Medium,Light,Average,0,Healthy,Basic,Day,Occasional,Low
Fariha Khan,Pallmall Group,39,Sewing,36,Medium,None,Average,0,Healthy,None,Day,Occasional,Low
Taslima Akter,Pallmall Group,18,Cutting,44,Low,Light,Average,1,Healthy,Basic,Day,Occasional,Low
Fariha Khan,Pallmall Group,17,Supervisor,32,None,Light,Average,1,Healthy,Advanced,Day,Occasional,Low
Rasel Hossain,Pallmall Group,0,Packaging,58,None,Light,Poor,2,Healthy,None,Day,Rare,High
Fariha Khan,Pallmall Group,13,Packaging,67,None,Heavy,Poor,3,Minor_Chronic,Basic,Day,Rare,High
Rahim Ahmed,Pallmall Group,1,Sewing,65,None,Heavy,Good,0,Healthy,Basic,Day,Rare,High
Rasel Hossain,Pallmall Group,27,Packaging,46,Low,Heavy,Average,0,Minor_Chronic,None,Night,Rare,High
Shamina Begum,Pallmall Group,29,Packaging,63,Low,Heavy,Average,0,Healthy,Basic,Day,Rare,Medium
Nazia Sultana,Pallmall Group,37,Dyeing,60,Medium,Light,Average,0,Healthy,None,Day,Occasional,High
Shamina Begum,Pallmall Group,3,Supervisor,40,None,Light,Average,0,Healthy,Advanced,Evening,Rare,Low
Fariha Khan,Pallmall Group,0,Cutting,41,Low,Light,Poor,1,Minor_Chronic,Basic,Evening,Occasional,High
Taslima Akter,Pallmall Group,7,Machine_Maintenance,60,None,Light,Average,1,Healthy,Advanced,Evening,Occasional,Medium
Rahim Ahmed,Pallmall Group,28,Machine_Maintenance,56,None,None,Average,1,Minor_Chronic,None,Night,Occasional,High
Rasel Hossain,Pallmall Group,38,Sewing,63,None,Light,Average,1,Healthy,Advanced,Day,Frequent,Low
Shamina Begum,Pallmall Group,2,Ironing,37,Low,Light,Average,0,Healthy,Basic,Day,Rare,Low
Shahidul Islam,Pallmall Group,31,Supervisor,58,None,Light,Poor,1,Healthy,Advanced,Day,Frequent,Low
Taslima Akter,Pallmall Group,9,Sewing,33,Low,Heavy,Average,0,Healthy,Advanced,Night,Rare,Medium
Mushfiqur Rahman,Pallmall Group,9,Ironing,28,None,Light,Poor,0,Healthy,Basic,Day,Frequent,Low
Nazia Sultana,Pallmall Group,18,Supervisor,34,Medium,Light,Average,1,Minor_Chronic,Advanced,Evening,Rare,Low
Mariam Noor,Pallmall Group,33,Ironing,54,Medium,Light,Average,1,Minor_Chronic,Basic,Evening,Occasional,Low
Abdul Latif,Pallmall Group,32,Sewing,48,High,Light,Good,0,Minor_Chronic,Basic,Day,Rare,Medium
Rahim Ahmed,Pallmall Group,22,Dyeing,55,Medium,Light,Average,1,Minor_Chronic,Basic,Day,Occasional,Medium
Mushfiqur Rahman,Pallmall Group,27,Sewing,43,High,None,Average,1,Minor_Chronic,Advanced,Day,Rare,Medium
Abdul Latif,Pallmall Group,31,Ironing,50,Medium,Light,Average,0,Minor_Chronic,Advanced,Day,Occasional,Low
Shahidul Islam,Pallmall Group,6,Sewing,47,Low,Heavy,Average,0,Healthy,None,Day,Occasional,Medium
Shamina Begum,Pallmall Group,28,Dyeing,65,None,Light,Poor,1,Healthy,Basic,Day,Frequent,Medium
Mushfiqur Rahman,Pallmall Group,7,Ironing,52,None,Heavy,Average,1,Healthy,Advanced,Evening,Occasional,Medium
Mushfiqur Rahman,Pallmall Group,0,Packaging,55,None,Heavy,Good,0,Healthy,Advanced,Night,Occasional,Medium
Fariha Khan,Pallmall Group,2,Dyeing,32,Low,None,Average,0,Serious_Chronic,Advanced,Evening,Rare,Medium
Mushfiqur Rahman,Pallmall Group,23,Ironing,48,Low,Light,Average,2,Healthy,Basic,Evening,Occasional,Low
Shahidul Islam,Pallmall Group,22,Packaging,45,Medium,Light,Good,0,Healthy,Basic,Day,Rare,Low
Mariam Noor,Pallmall Group,7,Sewing,33,High,Light,Average,0,Healthy,Basic,Day,Frequent,Low
Taslima Akter,Pallmall Group,36,Dyeing,56,None,Light,Average,2,Healthy,Basic,Day,Rare,Medium
Taslima Akter,Pallmall Group,2,Sewing,46,Low,Heavy,Average,0,Healthy,Basic,Day,Occasional,Medium
Nazia Sultana,Pallmall Group,32,Machine_Maintenance,60,High,None,Average,0,Healthy,Basic,Evening,Occasional,Medium
Mushfiqur Rahman,Pallmall Group,27,Sewing,28,None,Heavy,Average,1,Healthy,Basic,Night,Occasional,Medium
Fariha Khan,Pallmall Group,7,Cutting,30,Medium,Heavy,Average,0,Healthy,Basic,Day,Occasional,Medium
Abdul Latif,Pallmall Group,33,Packaging,48,None,Heavy,Good,1,Healthy,None,Day,Rare,Medium
Nazia Sultana,Pallmall Group,34,Ironing,62,Low,Light,Poor,0,Healthy,Basic,Day,Rare,High
Shahidul Islam,Pallmall Group,31,Sewing,68,None,Heavy,Average,1,Healthy,Basic,Day,Frequent,Medium
Shahidul Islam,Pallmall Group,23,Ironing,67,Medium,Light,Poor,1,Healthy,Basic,Evening,Rare,High
Mariam Noor,Pallmall Group,13,Dyeing,30,Low,None,Poor,0,Healthy,Basic,Evening,Occasional,Medium
Mariam Noor,Pallmall Group,31,Packaging,52,None,Heavy,Average,1,Minor_Chronic,None,Evening,Occasional,Low
Mushfiqur Rahman,Pallmall Group,15,Cutting,65,None,Light,Average,0,Healthy,Advanced,Evening,Occasional,Low
Nazia Sultana,Pallmall Group,3,Ironing,47,None,Light,Poor,1,Minor_Chronic,Basic,Day,Rare,High
Mariam Noor,Pallmall Group,36,Ironing,61,High,Light,Average,0,Healthy,Advanced,Night,Occasional,Medium
Mariam Noor,Pallmall Group,20,Packaging,48,Medium,None,Average,1,Minor_Chronic,Basic,Evening,Occasional,Low
Shamina Begum,Pallmall Group,13,Dyeing,50,None,Light,Good,0,Healthy,Advanced,Day,Occasional,Low
Rasel Hossain,Pallmall Group,30,Ironing,33,None,Light,Average,1,Healthy,Basic,Day,Frequent,Low
Fariha Khan,Pallmall Group,17,Sewing,40,Low,Light,Poor,1,Healthy,None,Night,Rare,High
Mariam Noor,Pallmall Group,6,Sewing,50,Low,Light,Good,1,Healthy,Advanced,Day,Occasional,Low
Mariam Noor,Pallmall Group,9,Sewing,36,Medium,Heavy,Average,0,Minor_Chronic,Basic,Day,Rare,Medium
Shahidul Islam,Pallmall Group,6,Sewing,44,None,Light,Good,1,Healthy,Advanced,Day,Rare,Low
Rahim Ahmed,Pallmall Group,32,Cutting,29,Low,Heavy,Average,1,Serious_Chronic,Basic,Night,Rare,High
Shahidul Islam,Pallmall Group,22,Dyeing,46,Low,Heavy,Average,1,Minor_Chronic,Advanced,Day,Rare,High
Rahim Ahmed,Pallmall Group,20,Sewing,46,High,Light,Good,1,Healthy,Advanced,Evening,Occasional,Low
Fariha Khan,Pallmall Group,18,Machine_Maintenance,34,High,None,Poor,0,Healthy,Advanced,Night,Rare,High
Taslima Akter,Pallmall Group,18,Sewing,47,Medium,None,Good,0,Healthy,Basic,Night,Occasional,Low
Shahidul Islam,Pallmall Group,35,Packaging,36,Low,Light,Good,0,Healthy,Basic,Night,Rare,Low
Rasel Hossain,Pallmall Group,28,Dyeing,44,None,Light,Good,0,Healthy,Advanced,Day,Rare,Low
Shamina Begum,Pallmall Group,17,Cutting,54,Medium,Light,Average,1,Minor_Chronic,Advanced,Day,Rare,Low
Fariha Khan,Pallmall Group,1,Sewing,29,None,Light,Poor,1,Healthy,None,Day,Occasional,Medium
Taslima Akter,Pallmall Group,0,Dyeing,63,None,Light,Average,1,Healthy,Basic,Day,Rare,High
Taslima Akter,Pallmall Group,4,Cutting,46,None,Light,Good,1,Healthy,Basic,Night,Frequent,Low
Abdul Latif,Pallmall Group,19,Machine_Maintenance,44,Medium,Heavy,Average,0,Healthy,Advanced,Night,Rare,High
Shahidul Islam,Pallmall Group,10,Ironing,32,None,Light,Average,1,Healthy,None,Day,Occasional,Low
Mariam Noor,Pallmall Group,1,Machine_Maintenance,66,None,Heavy,Average,0,Healthy,Basic,Day,Rare,High
Mariam Noor,Pallmall Group,2,Sewing,45,None,Heavy,Average,1,Healthy,Basic,Day,Rare,Low
Rahim Ahmed,Pallmall Group,22,Packaging,34,None,Light,Poor,0,Healthy,Advanced,Day,Occasional,Low
Nazia Sultana,Pallmall Group,11,Dyeing,44,None,Light,Average,0,Healthy,Advanced,Day,Occasional,Low
Rahim Ahmed,Pallmall Group,19,Packaging,66,Medium,Heavy,Good,1,Healthy,Basic,Evening,Rare,High
Rahim Ahmed,Pallmall Group,4,Sewing,63,Medium,Heavy,Poor,2,Serious_Chronic,Basic,Evening,Rare,High
Mariam Noor,Pallmall Group,36,Dyeing,67,None,Light,Good,0,Healthy,Advanced,Night,Rare,Medium
Shahidul Islam,Pallmall Group,37,Ironing,31,Medium,Heavy,Average,1,Healthy,Advanced,Day,Frequent,Medium
Rahim Ahmed,Pallmall Group,29,Packaging,65,Medium,None,Average,1,Healthy,Basic,Day,Frequent,Medium
Fariha Khan,Pallmall Group,8,Cutting,52,None,Light,Average,1,Healthy,Advanced,Night,Occasional,Low
Taslima Akter,Pallmall Group,33,Machine_Maintenance,32,Low,Light,Average,0,Serious_Chronic,Basic,Day,Occasional,Medium
Mariam Noor,Pallmall Group,34,Sewing,57,High,Light,Average,0,Minor_Chronic,Basic,Day,Frequent,Medium
Mushfiqur Rahman,Pallmall Group,21,Packaging,39,None,None,Average,0,Healthy,Basic,Day,Occasional,Low
Taslima Akter,Pallmall Group,23,Packaging,31,None,Light,Average,0,Minor_Chronic,Basic,Night,Frequent,Low
Fariha Khan,Pallmall Group,16,Packaging,51,High,None,Average,0,Minor_Chronic,Advanced,Evening,Occasional,Low
Shahidul Islam,Pallmall Group,9,Ironing,56,Low,Light,Poor,0,Healthy,None,Night,Rare,Medium
Shamina Begum,Pallmall Group,29,Cutting,36,None,Heavy,Average,1,Minor_Chronic,Basic,Day,Occasional,Low
Rahim Ahmed,Pallmall Group,22,Supervisor,31,Low,Heavy,Average,0,Healthy,Basic,Evening,Occasional,Low
Mushfiqur Rahman,Pallmall Group,31,Sewing,51,Low,Light,Average,2,Healthy,Basic,Evening,Occasional,Low
Mariam Noor,Pallmall Group,16,Ironing,41,Medium,Light,Poor,0,Minor_Chronic,Advanced,Day,Rare,Medium
Shahidul Islam,Pallmall Group,16,Packaging,32,Low,Light,Good,0,Healthy,Basic,Night,Occasional,Low
Mushfiqur Rahman,Pallmall Group,13,Packaging,45,None,None,Average,1,Minor_Chronic,None,Evening,Occasional,Low
Fariha Khan,Pallmall Group,8,Sewing,46,Low,Light,Average,1,Healthy,Basic,Night,Rare,Low
Shamina Begum,Pallmall Group,39,Dyeing,39,Low,Light,Average,1,Minor_Chronic,Basic,Night,Occasional,Low
Shahidul Islam,Pallmall Group,1,Packaging,45,None,Heavy,Average,0,Healthy,None,Day,Occasional,Medium
Rasel Hossain,Pallmall Group,24,Sewing,44,Low,Heavy,Average,0,Healthy,Advanced,Day,Occasional,Low
Taslima Akter,Pallmall Group,38,Machine_Maintenance,57,Medium,Light,Average,0,Healthy,Basic,Day,Frequent,Low
Taslima Akter,Pallmall Group,8,Sewing,51,None,Light,Average,1,Minor_Chronic,Advanced,Evening,Occasional,Low
Abdul Latif,Pallmall Group,21,Cutting,38,Low,None,Average,1,Healthy,Basic,Evening,Occasional,Low
Rasel Hossain,Pallmall Group,3,Sewing,62,None,Light,Average,2,Healthy,Basic,Evening,Occasional,Medium
Mushfiqur Rahman,Pallmall Group,25,Sewing,50,None,Light,Average,2,Healthy,None,Day,Occasional,Medium
Abdul Latif,Pallmall Group,28,Machine_Maintenance,44,None,Light,Average,2,Healthy,None,Evening,Frequent,Medium
Mariam Noor,Pallmall Group,33,Cutting,28,None,Light,Good,1,Serious_Chronic,Advanced,Day,Occasional,Medium
Nazia Sultana,Pallmall Group,22,Cutting,42,Medium,Heavy,Average,1,Healthy,None,Day,Occasional,Medium
Rasel Hossain,Pallmall Group,36,Sewing,59,None,Heavy,Good,0,Healthy,None,Night,Rare,High
Shamina Begum,Pallmall Group,10,Dyeing,36,Low,Heavy,Poor,0,Healthy,Advanced,Day,Rare,High
Mariam Noor,Pallmall Group,5,Dyeing,42,None,Heavy,Average,1,Healthy,Basic,Day,Rare,Medium
Rahim Ahmed,Pallmall Group,17,Cutting,55,High,Heavy,Average,2,Healthy,None,Day,Occasional,High
Mariam Noor,Pallmall Group,20,Cutting,51,Low,Light,Average,0,Minor_Chronic,Advanced,Day,Rare,Low
Fariha Khan,Pallmall Group,35,Machine_Maintenance,62,Low,None,Average,0,Minor_Chronic,None,Day,Rare,High
Shamina Begum,Pallmall Group,40,Cutting,49,None,Light,Average,1,Healthy,Advanced,Evening,Occasional,Low
Rahim Ahmed,Pallmall Group,37,Ironing,54,None,None,Poor,0,Healthy,None,Evening,Rare,Medium
Mariam Noor,Pallmall Group,33,Sewing,46,None,Light,Average,0,Serious_Chronic,Basic,Day,Rare,Low
Taslima Akter,Pallmall Group,16,Packaging,39,High,Light,Poor,1,Healthy,Basic,Day,Rare,Medium
Shahidul Islam,Pallmall Group,36,Cutting,47,None,Light,Average,0,Healthy,Basic,Day,Occasional,Low
Rahim Ahmed,Pallmall Group,24,Ironing,28,Low,Light,Poor,1,Healthy,Basic,Evening,Occasional,Medium
Fariha Khan,Pallmall Group,37,Sewing,48,Low,Heavy,Poor,1,Healthy,Basic,Day,Frequent,Medium
Nazia Sultana,Pallmall Group,11,Supervisor,28,None,None,Poor,0,Healthy,Advanced,Day,Rare,Low
Rasel Hossain,Pallmall Group,22,Sewing,37,Low,Light,Average,1,Serious_Chronic,Advanced,Day,Rare,Medium
Shahidul Islam,Pallmall Group,21,Packaging,59,Low,Light,Good,0,Healthy,Basic,Day,Rare,Low
Fariha Khan,Pallmall Group,20,Cutting,66,Low,Heavy,Good,2,Minor_Chronic,Basic,Evening,Frequent,High
Shamina Begum,Pallmall Group,26,Sewing,49,None,Light,Poor,1,Healthy,Basic,Day,Occasional,Low
Nazia Sultana,Pallmall Group,30,Packaging,45,None,None,Average,1,Healthy,Basic,Day,Occasional,Low
Mushfiqur Rahman,Pallmall Group,5,Cutting,59,None,Light,Average,1,Healthy,Basic,Day,Frequent,Low
Abdul Latif,Pallmall Group,26,Packaging,54,Medium,None,Average,1,Minor_Chronic,Basic,Night,Rare,Medium
Rahim Ahmed,Pallmall Group,39,Machine_Maintenance,55,Low,None,Average,1,Healthy,Basic,Evening,Rare,Medium
Rahim Ahmed,Pallmall Group,33,Packaging,45,None,Light,Poor,2,Healthy,Advanced,Day,Occasional,Low
Mushfiqur Rahman,Pallmall Group,11,Sewing,66,High,Light,Average,0,Serious_Chronic,Basic,Day,Occasional,High
Taslima Akter,Pallmall Group,6,Packaging,56,None,Light,Average,1,Minor_Chronic,Basic,Night,Occasional,Medium
Fariha Khan,Pallmall Group,9,Cutting,45,Medium,Light,Poor,0,Serious_Chronic,Basic,Day,Occasional,High
Shahidul Islam,Pallmall Group,16,Machine_Maintenance,35,High,Heavy,Average,2,Healthy,Advanced,Night,Occasional,High
Mariam Noor,Pallmall Group,25,Dyeing,58,Medium,Heavy,Average,1,Minor_Chronic,Advanced,Day,Frequent,High
Shahidul Islam,Pallmall Group,20,Packaging,61,Medium,Light,Poor,1,Healthy,Advanced,Day,Occasional,High
Shamina Begum,Pallmall Group,27,Ironing,34,None,Light,Average,0,Serious_Chronic,Advanced,Evening,Rare,Medium
Fariha Khan,Pallmall Group,1,Ironing,63,None,Light,Average,0,Serious_Chronic,Basic,Evening,Occasional,Medium
Taslima Akter,Pallmall Group,0,Sewing,45,Low,Light,Good,2,Serious_Chronic,Basic,Night,Occasional,High
Shahidul Islam,Pallmall Group,35,Packaging,65,None,Light,Average,2,Serious_Chronic,Advanced,Night,Occasional,High
Abdul Latif,Pallmall Group,25,Cutting,36,None,Light,Average,1,Healthy,Basic,Day,Rare,Low
Abdul Latif,Pallmall Group,28,Ironing,36,Medium,Light,Average,0,Minor_Chronic,Basic,Evening,Rare,Low
Taslima Akter,Pallmall Group,20,Packaging,35,None,Light,Average,1,Healthy,Advanced,Night,Rare,Medium
Rasel Hossain,Pallmall Group,10,Dyeing,62,Medium,Light,Poor,0,Healthy,Advanced,Day,Frequent,High
Abdul Latif,Pallmall Group,39,Sewing,45,Medium,Light,Average,2,Serious_Chronic,Advanced,Day,Rare,High
Shamina Begum,Pallmall Group,10,Dyeing,32,Medium,Light,Average,0,Healthy,Advanced,Day,Occasional,Medium
Fariha Khan,Pallmall Group,35,Cutting,41,Medium,Light,Average,0,Healthy,Basic,Day,Occasional,Low
Rasel Hossain,Pallmall Group,38,Ironing,55,Medium,Light,Good,1,Minor_Chronic,Advanced,Night,Frequent,Low
Rahim Ahmed,Pallmall Group,39,Sewing,57,Medium,Light,Average,0,Healthy,None,Day,Occasional,Medium
Abdul Latif,Pallmall Group,34,Sewing,31,Low,Light,Poor,0,Healthy,Basic,Day,Frequent,Low
Abdul Latif,Pallmall Group,33,Sewing,66,None,Light,Poor,1,Healthy,Basic,Night,Occasional,Medium
Fariha Khan,Pallmall Group,23,Packaging,47,Medium,Light,Poor,0,Healthy,Basic,Day,Frequent,Medium
Rasel Hossain,Pallmall Group,21,Sewing,52,Medium,None,Average,0,Healthy,Advanced,Evening,Rare,Low
Shahidul Islam,Pallmall Group,4,Cutting,55,None,Light,Average,0,Healthy,Basic,Night,Occasional,Low
Shahidul Islam,Pallmall Group,32,Machine_Maintenance,39,None,Light,Good,0,Healthy,Basic,Day,Frequent,Low
Taslima Akter,Pallmall Group,35,Sewing,29,Low,Light,Average,0,Serious_Chronic,None,Day,Rare,Medium
Rasel Hossain,Pallmall Group,19,Ironing,41,None,Heavy,Good,1,Healthy,None,Day,Frequent,Medium
Abdul Latif,Pallmall Group,18,Packaging,49,Medium,Heavy,Average,0,Healthy,Basic,Evening,Occasional,Medium
Nazia Sultana,Pallmall Group,34,Machine_Maintenance,58,High,Heavy,Good,0,Healthy,Basic,Day,Occasional,High
Fariha Khan,Pallmall Group,16,Packaging,50,None,None,Average,0,Healthy,Basic,Day,Rare,Low
Nazia Sultana,Pallmall Group,33,Packaging,47,Low,Heavy,Average,0,Healthy,Basic,Day,Occasional,Low
Nazia Sultana,Pallmall Group,8,Packaging,65,None,Light,Average,0,Healthy,Basic,Evening,Rare,Low
Abdul Latif,Pallmall Group,25,Cutting,31,Low,Light,Average,0,Healthy,None,Day,Rare,Low
Nazia Sultana,Pallmall Group,1,Packaging,42,None,None,Average,1,Healthy,Basic,Evening,Frequent,Low
Taslima Akter,Pallmall Group,8,Sewing,51,Low,Heavy,Poor,1,Minor_Chronic,Advanced,Evening,Frequent,High
Rasel Hossain,Pallmall Group,8,Machine_Maintenance,52,None,None,Poor,0,Healthy,Basic,Evening,Rare,Medium
Shamina Begum,Pallmall Group,39,Cutting,28,None,Heavy,Average,1,Healthy,Basic,Night,Occasional,Medium
Taslima Akter,Pallmall Group,16,Ironing,34,None,None,Average,0,Serious_Chronic,Advanced,Day,Occasional,Low
Fariha Khan,Pallmall Group,0,Sewing,58,None,Light,Poor,1,Healthy,Advanced,Day,Occasional,Medium
Taslima Akter,Pallmall Group,24,Packaging,39,Low,Light,Average,0,Minor_Chronic,Advanced,Evening,Occasional,Low
Mariam Noor,Pallmall Group,39,Sewing,32,None,Light,Average,0,Healthy,Advanced,Day,Occasional,Low
Mariam Noor,Pallmall Group,24,Machine_Maintenance,65,Low,None,Average,2,Healthy,None,Evening,Occasional,High
Nazia Sultana,Pallmall Group,38,Packaging,39,Medium,Light,Poor,0,Serious_Chronic,Advanced,Night,Occasional,High
Mushfiqur Rahman,Pallmall Group,34,Sewing,66,Medium,None,Poor,1,Healthy,Advanced,Night,Occasional,High
Mariam Noor,Pallmall Group,2,Packaging,45,Medium,Light,Poor,0,Healthy,Advanced,Evening,Rare,High
Taslima Akter,Pallmall Group,36,Packaging,29,Medium,Light,Poor,1,Minor_Chronic,Basic,Night,Occasional,Medium
Shahidul Islam,Pallmall Group,29,Dyeing,37,None,Heavy,Good,2,Healthy,Advanced,Day,Occasional,Medium
Shahidul Islam,Pallmall Group,37,Cutting,42,None,Light,Average,0,Healthy,Basic,Day,Occasional,Low
Shamina Begum,Pallmall Group,33,Sewing,57,Low,None,Average,0,Minor_Chronic,Advanced,Day,Occasional,Low
Mushfiqur Rahman,Pallmall Group,11,Sewing,44,Medium,Light,Average,0,Healthy,Basic,Day,Occasional,Low
Taslima Akter,Pallmall Group,18,Cutting,31,High,Light,Good,0,Healthy,Advanced,Day,Rare,Low
Abdul Latif,Pallmall Group,36,Machine_Maintenance,34,None,Heavy,Poor,0,Healthy,Basic,Night,Occasional,High
Fariha Khan,Pallmall Group,16,Sewing,68,None,Heavy,Poor,0,Minor_Chronic,None,Evening,Occasional,Medium
Mariam Noor,Pallmall Group,9,Packaging,58,None,Light,Poor,0,Healthy,Advanced,Evening,Occasional,Medium
Mushfiqur Rahman,Pallmall Group,11,Cutting,66,Medium,None,Poor,0,Healthy,Basic,Day,Occasional,High
Rasel Hossain,Pallmall Group,15,Ironing,61,Low,Heavy,Average,0,Healthy,Basic,Day,Occasional,Medium
Shahidul Islam,Pallmall Group,23,Packaging,33,None,Heavy,Poor,1,Healthy,Basic,Night,Occasional,Medium
Shahidul Islam,Pallmall Group,18,Machine_Maintenance,65,None,Heavy,Poor,0,Healthy,Advanced,Evening,Rare,High
Shamina Begum,Pallmall Group,7,Cutting,61,Low,Heavy,Good,1,Serious_Chronic,Basic,Evening,Rare,High
Abdul Latif,Pallmall Group,30,Ironing,42,Medium,Light,Average,0,Healthy,Basic,Night,Occasional,Low
Mariam Noor,Pallmall Group,20,Cutting,41,None,None,Poor,0,Healthy,Basic,Evening,Rare,Low
Mariam Noor,Pallmall Group,16,Sewing,33,Medium,Light,Poor,0,Minor_Chronic,Basic,Evening,Occasional,Medium
Rasel Hossain,Pallmall Group,22,Sewing,64,Low,Light,Poor,0,Healthy,Basic,Day,Rare,High
Fariha Khan,Pallmall Group,36,Ironing,59,Medium,Light,Good,0,Serious_Chronic,Basic,Day,Occasional,Medium
Mariam Noor,Pallmall Group,15,Cutting,30,Medium,Light,Good,1,Healthy,Basic,Evening,Rare,Low
Nazia Sultana,Pallmall Group,5,Packaging,30,None,Light,Good,1,Healthy,Basic,Day,Occasional,Low
Rasel Hossain,Pallmall Group,7,Cutting,49,None,Light,Good,0,Serious_Chronic,Advanced,Evening,Occasional,Medium
Abdul Latif,Pallmall Group,24,Ironing,49,Low,Light,Average,0,Healthy,Advanced,Day,Occasional,Low
Mushfiqur Rahman,Pallmall Group,17,Cutting,37,None,None,Poor,1,Healthy,Basic,Day,Rare,Medium
Mushfiqur Rahman,Pallmall Group,24,Packaging,30,Medium,Light,Average,0,Healthy,Basic,Day,Occasional,Low
Mushfiqur Rahman,Pallmall Group,11,Packaging,39,Low,Heavy,Average,1,Serious_Chronic,Basic,Day,Rare,High
Fariha Khan,Pallmall Group,14,Ironing,56,Medium,Heavy,Good,0,Minor_Chronic,Advanced,Night,Rare,High
Shahidul Islam,Pallmall Group,25,Packaging,44,None,Light,Average,0,Healthy,None,Day,Rare,Low
Shamina Begum,Pallmall Group,40,Sewing,34,None,Light,Average,1,Minor_Chronic,Basic,Evening,Rare,Low
Mushfiqur Rahman,Pallmall Group,25,Ironing,40,Low,None,Good,0,Healthy,Basic,Day,Frequent,Low
Shahidul Islam,Pallmall Group,31,Cutting,29,None,Light,Poor,0,Healthy,Basic,Day,Occasional,Low
Nazia Sultana,Pallmall Group,9,Cutting,31,Low,Light,Good,0,Minor_Chronic,None,Day,Occasional,Medium
Abdul Latif,Pallmall Group,15,Packaging,37,Medium,Light,Poor,1,Minor_Chronic,Advanced,Night,Frequent,High
Mushfiqur Rahman,Pallmall Group,6,Machine_Maintenance,66,None,Heavy,Average,0,Healthy,Advanced,Day,Rare,High
Shamina Begum,Pallmall Group,16,Sewing,51,Medium,Light,Poor,0,Healthy,None,Night,Occasional,High
Shamina Begum,Pallmall Group,22,Dyeing,44,None,None,Average,0,Healthy,Basic,Day,Frequent,Low
Abdul Latif,Pallmall Group,25,Dyeing,33,None,Light,Average,1,Minor_Chronic,None,Day,Frequent,Low
Taslima Akter,Pallmall Group,20,Sewing,46,High,Light,Average,0,Minor_Chronic,Advanced,Evening,Rare,Low
Mushfiqur Rahman,Pallmall Group,21,Sewing,32,High,Light,Good,1,Healthy,Basic,Day,Occasional,Low
Shahidul Islam,Pallmall Group,6,Cutting,59,Low,Heavy,Average,1,Minor_Chronic,Basic,Day,Rare,High
Mushfiqur Rahman,Pallmall Group,13,Sewing,37,High,Light,Average,0,Healthy,None,Day,Occasional,Low
Mushfiqur Rahman,Pallmall Group,14,Sewing,36,Low,Light,Poor,0,Minor_Chronic,Advanced,Day,Occasional,Low
Abdul Latif,Pallmall Group,6,Sewing,54,None,Light,Good,0,Healthy,Basic,Day,Occasional,Low
Shamina Begum,Pallmall Group,8,Cutting,40,None,Light,Poor,0,Healthy,None,Night,Rare,Medium
Rasel Hossain,Pallmall Group,7,Packaging,46,Medium,Light,Poor,0,Healthy,Basic,Day,Rare,Medium
Abdul Latif,Pallmall Group,22,Dyeing,48,None,Light,Poor,1,Healthy,Advanced,Night,Rare,Medium
Rasel Hossain,Pallmall Group,28,Supervisor,51,Low,Light,Average,1,Minor_Chronic,Basic,Day,Rare,Low
Abdul Latif,Pallmall Group,17,Cutting,65,Low,Light,Good,1,Minor_Chronic,Basic,Day,Rare,Medium
Mushfiqur Rahman,Pallmall Group,30,Packaging,31,Low,Heavy,Poor,0,Healthy,Basic,Day,Frequent,Medium
Nazia Sultana,Pallmall Group,29,Machine_Maintenance,51,None,Light,Average,0,Serious_Chronic,Basic,Day,Rare,Medium
Rahim Ahmed,Pallmall Group,38,Packaging,62,None,None,Good,0,Healthy,Basic,Day,Rare,Low
Mariam Noor,Pallmall Group,34,Cutting,30,None,None,Average,0,Healthy,Advanced,Day,Occasional,Low
Abdul Latif,Pallmall Group,17,Packaging,31,Low,None,Average,0,Healthy,None,Night,Occasional,Medium
Rasel Hossain,Pallmall Group,38,Sewing,64,Low,Light,Poor,0,Healthy,Basic,Evening,Occasional,Medium
Fariha Khan,Pallmall Group,16,Cutting,67,Low,Light,Average,2,Healthy,Basic,Evening,Occasional,Medium
Fariha Khan,Pallmall Group,13,Ironing,62,Low,None,Poor,0,Healthy,Basic,Day,Rare,Medium
Shamina Begum,Pallmall Group,30,Dyeing,58,None,Light,Good,0,Serious_Chronic,Basic,Night,Occasional,Medium
Shahidul Islam,Pallmall Group,23,Sewing,52,Medium,Light,Average,0,Healthy,Advanced,Day,Occasional,Low
Mariam Noor,Pallmall Group,34,Machine_Maintenance,67,Low,None,Average,0,Healthy,None,Night,Occasional,Medium
Abdul Latif,Pallmall Group,33,Packaging,40,None,Light,Poor,1,Healthy,Advanced,Day,Frequent,Low
Rasel Hossain,Pallmall Group,2,Ironing,31,None,Heavy,Poor,0,Serious_Chronic,Basic,Day,Frequent,High
Abdul Latif,Pallmall Group,36,Machine_Maintenance,41,Medium,Heavy,Poor,0,Healthy,Basic,Night,Frequent,High
Fariha Khan,Pallmall Group,39,Cutting,40,Medium,Light,Average,3,Serious_Chronic,None,Day,Rare,High
Shahidul Islam,Pallmall Group,25,Supervisor,54,None,Light,Average,0,Healthy,Basic,Night,Occasional,Low
Abdul Latif,Pallmall Group,22,Ironing,33,Low,Light,Average,0,Healthy,Basic,Day,Frequent,Low
Abdul Latif,Pallmall Group,38,Sewing,44,None,Light,Poor,0,Healthy,Basic,Day,Occasional,Low
Shamina Begum,Pallmall Group,14,Packaging,63,None,Light,Average,1,Healthy,Basic,Night,Rare,Medium
Shahidul Islam,Pallmall Group,3,Packaging,67,Low,Heavy,Poor,0,Healthy,Basic,Evening,Occasional,High
Shamina Begum,Pallmall Group,28,Packaging,62,Low,Light,Poor,1,Healthy,Basic,Evening,Rare,Medium
Rasel Hossain,Pallmall Group,21,Supervisor,44,Medium,Heavy,Average,1,Healthy,Basic,Day,Occasional,Low
Rahim Ahmed,Pallmall Group,24,Packaging,68,None,Light,Average,0,Minor_Chronic,Advanced,Day,Frequent,Low
Fariha Khan,Pallmall Group,12,Dyeing,29,None,Light,Average,0,Healthy,Basic,Day,Occasional,Low
Abdul Latif,Pallmall Group,17,Packaging,40,None,Light,Poor,1,Healthy,Basic,Day,Occasional,Low
Shamina Begum,Pallmall Group,32,Packaging,29,None,Light,Average,0,Healthy,Basic,Night,Rare,Low
Mariam Noor,Pallmall Group,15,Cutting,55,None,Light,Average,0,Healthy,Advanced,Day,Frequent,Low
Shahidul Islam,Pallmall Group,1,Machine_Maintenance,53,None,Heavy,Average,1,Healthy,None,Evening,Occasional,High
Shahidul Islam,Pallmall Group,34,Sewing,49,None,Light,Average,0,Healthy,Advanced,Night,Occasional,Low
Rasel Hossain,Pallmall Group,33,Packaging,30,None,Heavy,Average,0,Healthy,Basic,Day,Occasional,Low
Rasel Hossain,Pallmall Group,29,Machine_Maintenance,62,Low,Heavy,Poor,2,Healthy,Basic,Night,Rare,High
Taslima Akter,Pallmall Group,12,Packaging,39,None,Heavy,Good,0,Healthy,Basic,Night,Occasional,Low
Shahidul Islam,Pallmall Group,12,Packaging,51,None,Light,Average,0,Healthy,Advanced,Day,Occasional,Low
Shahidul Islam,Pallmall Group,17,Packaging,32,Low,Light,Poor,1,Healthy,Advanced,Day,Frequent,Low
Nazia Sultana,Pallmall Group,31,Ironing,47,None,None,Average,0,Minor_Chronic,Advanced,Day,Rare,Low
Abdul Latif,Pallmall Group,31,Machine_Maintenance,66,Low,Light,Poor,0,Healthy,Basic,Evening,Rare,High
Rahim Ahmed,Pallmall Group,34,Sewing,66,None,Light,Good,0,Serious_Chronic,Advanced,Day,Occasional,Medium
Fariha Khan,Pallmall Group,38,Sewing,40,None,Light,Average,2,Healthy,Basic,Evening,Occasional,Low
Mariam Noor,Pallmall Group,28,Sewing,68,None,Light,Poor,1,Minor_Chronic,Basic,Day,Occasional,Medium
Abdul Latif,Pallmall Group,28,Ironing,39,None,Heavy,Poor,4,Healthy,Basic,Night,Frequent,High
Rahim Ahmed,Pallmall Group,15,Ironing,40,Low,Heavy,Poor,1,Healthy,Basic,Night,Rare,High
Abdul Latif,Pallmall Group,9,Packaging,37,Medium,Light,Average,0,Minor_Chronic,Advanced,Night,Rare,Low
Mushfiqur Rahman,Pallmall Group,29,Cutting,60,None,Light,Average,0,Healthy,Basic,Day,Rare,Low
Rasel Hossain,Pallmall Group,24,Ironing,67,None,Light,Poor,0,Healthy,Basic,Day,Frequent,Low
Rahim Ahmed,Pallmall Group,38,Sewing,43,Low,Light,Poor,1,Healthy,None,Day,Rare,High
Nazia Sultana,Pallmall Group,19,Cutting,62,None,Light,Average,1,Healthy,Basic,Day,Occasional,Low
Nazia Sultana,Pallmall Group,4,Dyeing,30,Medium,Light,Poor,1,Healthy,Basic,Day,Occasional,High
Shamina Begum,Pallmall Group,0,Sewing,32,None,Light,Average,0,Healthy,Advanced,Night,Occasional,Medium
Mushfiqur Rahman,Pallmall Group,29,Sewing,53,High,Light,Average,0,Minor_Chronic,Basic,Night,Rare,Medium
Mariam Noor,Pallmall Group,2,Sewing,38,None,Light,Average,0,Healthy,Basic,Day,Occasional,Low
Taslima Akter,Pallmall Group,13,Sewing,34,None,Light,Good,1,Healthy,Basic,Evening,Occasional,Low
Shamina Begum,Pallmall Group,29,Ironing,37,Medium,Heavy,Good,0,Healthy,Basic,Day,Frequent,Low
Mariam Noor,Pallmall Group,3,Sewing,61,Low,None,Average,1,Minor_Chronic,Basic,Day,Frequent,Medium
Mushfiqur Rahman,Pallmall Group,17,Packaging,30,Low,Light,Average,0,Minor_Chronic,None,Night,Occasional,Low
Shahidul Islam,Pallmall Group,36,Packaging,35,Low,Light,Good,1,Healthy,Basic,Night,Frequent,Low
Fariha Khan,Pallmall Group,24,Ironing,58,Low,None,Poor,1,Healthy,None,Day,Rare,High
Fariha Khan,Pallmall Group,0,Supervisor,38,None,Light,Poor,1,Healthy,Advanced,Night,Occasional,Medium
Rasel Hossain,Pallmall Group,14,Ironing,34,Low,Light,Poor,0,Healthy,None,Night,Occasional,Medium
Abdul Latif,Pallmall Group,8,Ironing,29,None,Light,Average,0,Healthy,Advanced,Day,Occasional,Low
Nazia Sultana,Pallmall Group,14,Supervisor,33,Medium,Light,Average,1,Minor_Chronic,Advanced,Day,Rare,Low
Abdul Latif,Pallmall Group,23,Sewing,68,High,Light,Average,0,Minor_Chronic,Basic,Evening,Occasional,Low
Taslima Akter,Pallmall Group,3,Machine_Maintenance,59,None,Light,Average,3,Healthy,Basic,Night,Rare,High
Shamina Begum,Pallmall Group,11,Sewing,47,None,None,Average,0,Healthy,Basic,Day,Occasional,Low
Nazia Sultana,Pallmall Group,36,Cutting,61,None,Heavy,Poor,0,Healthy,Advanced,Day,Rare,High
Nazia Sultana,Pallmall Group,36,Sewing,43,None,None,Average,0,Healthy,Basic,Evening,Occasional,Low
Shahidul Islam,Pallmall Group,5,Packaging,52,Medium,Heavy,Poor,0,Serious_Chronic,Advanced,Evening,Occasional,High
Nazia Sultana,Pallmall Group,38,Dyeing,39,None,Heavy,Poor,1,Healthy,None,Day,Occasional,High
Taslima Akter,Pallmall Group,23,Packaging,34,None,Light,Good,1,Healthy,None,Day,Occasional,Low
Mariam Noor,Pallmall Group,10,Cutting,66,Medium,Heavy,Good,0,Minor_Chronic,Basic,Night,Rare,High
Shahidul Islam,Pallmall Group,12,Cutting,44,Medium,Heavy,Good,1,Healthy,None,Evening,Rare,High
Rasel Hossain,Pallmall Group,33,Sewing,38,Low,Heavy,Average,3,Minor_Chronic,Basic,Night,Occasional,High
Shamina Begum,Pallmall Group,24,Cutting,33,Low,Light,Average,1,Minor_Chronic,None,Night,Frequent,Medium
Mushfiqur Rahman,Pallmall Group,6,Machine_Maintenance,50,Low,Light,Average,1,Minor_Chronic,Advanced,Night,Occasional,Medium
Abdul Latif,Pallmall Group,3,Cutting,54,High,Heavy,Average,0,Healthy,Advanced,Night,Occasional,High
Nazia Sultana,Pallmall Group,7,Packaging,33,Low,Light,Average,1,Healthy,Basic,Night,Frequent,Low
Fariha Khan,Pallmall Group,19,Packaging,65,Low,Light,Average,1,Healthy,Basic,Evening,Frequent,Medium
Taslima Akter,Pallmall Group,28,Cutting,29,None,Light,Average,2,Healthy,Basic,Evening,Occasional,Low
Mariam Noor,Pallmall Group,9,Dyeing,49,None,Light,Average,1,Healthy,Basic,Evening,Occasional,Low
Shahidul Islam,Pallmall Group,33,Sewing,47,Low,Light,Average,1,Healthy,Basic,Evening,Frequent,Low
Taslima Akter,Pallmall Group,25,Sewing,52,High,Light,Average,1,Healthy,None,Day,Frequent,Medium
Shamina Begum,Pallmall Group,40,Sewing,42,Medium,Heavy,Average,0,Healthy,Basic,Day,Occasional,Medium
Taslima Akter,Pallmall Group,2,Dyeing,56,High,None,Poor,0,Minor_Chronic,Basic,Day,Occasional,High
Rahim Ahmed,Pallmall Group,5,Cutting,35,Low,Heavy,Good,1,Healthy,Advanced,Day,Occasional,Medium
Shahidul Islam,Pallmall Group,4,Ironing,64,Medium,Heavy,Poor,0,Healthy,Advanced,Day,Occasional,High
Fariha Khan,Pallmall Group,4,Ironing,60,Medium,None,Average,1,Healthy,Basic,Night,Frequent,Medium
Nazia Sultana,Pallmall Group,22,Cutting,49,Low,Light,Poor,0,Minor_Chronic,Basic,Day,Occasional,Low
Nazia Sultana,Pallmall Group,8,Packaging,32,None,Heavy,Good,1,Healthy,Advanced,Day,Rare,Medium
Rahim Ahmed,Pallmall Group,34,Packaging,66,None,Light,Average,0,Healthy,None,Evening,Rare,Medium
Rahim Ahmed,Pallmall Group,19,Sewing,45,Medium,Heavy,Average,0,Healthy,Basic,Day,Frequent,Low
Shamina Begum,Pallmall Group,34,Sewing,65,None,Light,Good,2,Healthy,Basic,Night,Occasional,Medium
Fariha Khan,Pallmall Group,17,Packaging,64,Medium,Light,Average,0,Minor_Chronic,Basic,Day,Occasional,Medium
Shahidul Islam,Pallmall Group,16,Cutting,57,None,None,Poor,0,Minor_Chronic,Basic,Day,Rare,Medium
Abdul Latif,Pallmall Group,23,Dyeing,58,Low,Light,Poor,1,Healthy,Advanced,Night,Occasional,High
Shahidul Islam,Pallmall Group,2,Cutting,37,Low,None,Average,3,Healthy,Basic,Evening,Rare,Medium
Mariam Noor,Pallmall Group,31,Cutting,42,Low,Light,Average,0,Healthy,Advanced,Night,Occasional,Low
Shamina Begum,Pallmall Group,34,Sewing,45,None,Heavy,Poor,1,Serious_Chronic,Basic,Day,Occasional,High
Shahidul Islam,Pallmall Group,37,Sewing,50,High,Light,Poor,0,Healthy,Basic,Day,Occasional,Medium
Rahim Ahmed,Pallmall Group,12,Dyeing,60,Low,Heavy,Poor,0,Minor_Chronic,Advanced,Day,Frequent,High
Shamina Begum,Pallmall Group,24,Cutting,43,None,Light,Average,0,Healthy,Advanced,Day,Rare,Low
Taslima Akter,Pallmall Group,8,Packaging,65,Low,Heavy,Poor,1,Minor_Chronic,Basic,Day,Rare,High
Nazia Sultana,Pallmall Group,3,Packaging,62,None,Light,Poor,0,Serious_Chronic,Basic,Day,Rare,High
Shahidul Islam,Pallmall Group,13,Ironing,61,None,Heavy,Average,1,Healthy,None,Night,Rare,High
Shahidul Islam,Pallmall Group,36,Packaging,55,None,Light,Average,1,Serious_Chronic,Basic,Evening,Rare,Low
Rahim Ahmed,Pallmall Group,33,Cutting,29,Medium,None,Average,2,Minor_Chronic,Basic,Day,Occasional,Medium
Rahim Ahmed,Pallmall Group,10,Cutting,57,Low,Heavy,Average,1,Healthy,Basic,Day,Occasional,High
Shamina Begum,Pallmall Group,40,Packaging,40,Low,Light,Average,0,Minor_Chronic,Basic,Night,Frequent,Low
Fariha Khan,Pallmall Group,2,Cutting,68,None,None,Average,1,Minor_Chronic,Basic,Day,Rare,Medium
Taslima Akter,Pallmall Group,27,Dyeing,43,None,Light,Good,0,Minor_Chronic,Basic,Day,Occasional,Low
Abdul Latif,Pallmall Group,28,Sewing,32,High,Heavy,Poor,0,Healthy,None,Day,Frequent,High
Abdul Latif,Pallmall Group,8,Dyeing,55,Low,Light,Average,1,Healthy,Basic,Evening,Rare,Medium
Nazia Sultana,Pallmall Group,2,Packaging,66,High,Light,Average,0,Healthy,Advanced,Day,Occasional,Medium
Nazia Sultana,Pallmall Group,24,Packaging,47,None,Heavy,Poor,2,Minor_Chronic,Advanced,Night,Occasional,High
Shahidul Islam,Pallmall Group,33,Packaging,51,None,Heavy,Average,1,Serious_Chronic,Basic,Day,Occasional,Medium
Nazia Sultana,Pallmall Group,11,Packaging,54,Medium,Light,Poor,1,Healthy,None,Day,Occasional,Medium
Shamina Begum,Pallmall Group,8,Ironing,57,Low,None,Average,0,Healthy,Basic,Day,Rare,Medium
Taslima Akter,Pallmall Group,14,Dyeing,54,None,Light,Average,1,Minor_Chronic,Advanced,Day,Occasional,Low
Nazia Sultana,Pallmall Group,39,Sewing,53,None,Heavy,Poor,0,Healthy,Basic,Day,Occasional,Medium
Mushfiqur Rahman,Pallmall Group,24,Cutting,34,Medium,Heavy,Average,1,Healthy,Basic,Night,Rare,High
Nazia Sultana,Pallmall Group,4,Ironing,65,None,Light,Average,1,Healthy,Advanced,Day,Frequent,Medium
Shamina Begum,Pallmall Group,10,Supervisor,32,Low,Light,Average,0,Healthy,Basic,Night,Occasional,Low
Rahim Ahmed,Pallmall Group,33,Cutting,50,None,None,Average,1,Healthy,Basic,Day,Occasional,Low
Rahim Ahmed,Pallmall Group,23,Ironing,55,None,Light,Poor,0,Healthy,Basic,Day,Frequent,Low
Mariam Noor,Pallmall Group,14,Ironing,61,High,None,Average,0,Healthy,Basic,Day,Occasional,Medium
Mariam Noor,Pallmall Group,37,Dyeing,42,None,None,Good,1,Minor_Chronic,Basic,Day,Rare,Low
Mariam Noor,Pallmall Group,7,Packaging,59,Low,None,Poor,0,Healthy,Advanced,Evening,Occasional,Medium
Mushfiqur Rahman,Pallmall Group,4,Sewing,53,Medium,Light,Average,0,Healthy,Basic,Night,Occasional,Medium
Shahidul Islam,Pallmall Group,25,Ironing,58,None,Light,Average,0,Healthy,Basic,Evening,Occasional,Low
Rahim Ahmed,Pallmall Group,17,Packaging,46,None,Light,Average,0,Healthy,Basic,Day,Frequent,Low
Rasel Hossain,Pallmall Group,5,Ironing,36,Low,Heavy,Poor,2,Healthy,Advanced,Day,Rare,High
Abdul Latif,Pallmall Group,36,Sewing,56,None,Light,Average,0,Healthy,Advanced,Night,Rare,Low
Nazia Sultana,Pallmall Group,12,Dyeing,66,None,Light,Average,1,Healthy,None,Night,Occasional,High
Nazia Sultana,Pallmall Group,27,Packaging,31,None,Heavy,Good,0,Healthy,Basic,Day,Occasional,Low
Abdul Latif,Pallmall Group,4,Sewing,30,Low,Light,Poor,2,Healthy,Basic,Day,Rare,High
Fariha Khan,Pallmall Group,12,Packaging,56,Low,Light,Good,0,Healthy,Basic,Evening,Frequent,Low
Mushfiqur Rahman,Pallmall Group,16,Packaging,38,Low,None,Average,0,Healthy,Basic,Evening,Rare,Low
Nazia Sultana,Pallmall Group,39,Ironing,60,None,Heavy,Poor,0,Healthy,Basic,Day,Rare,High
Shamina Begum,Pallmall Group,31,Supervisor,65,Low,Light,Average,1,Healthy,Advanced,Day,Frequent,Low
Abdul Latif,Pallmall Group,28,Packaging,38,High,Heavy,Average,1,Healthy,Basic,Night,Occasional,High
Nazia Sultana,Pallmall Group,2,Packaging,54,Low,Light,Poor,0,Serious_Chronic,Basic,Day,Frequent,Medium
Nazia Sultana,Pallmall Group,39,Packaging,60,Low,Light,Average,0,Healthy,Basic,Day,Rare,Low
Taslima Akter,Pallmall Group,33,Sewing,48,Low,Heavy,Good,1,Healthy,Basic,Day,Rare,Medium
Rahim Ahmed,Pallmall Group,39,Sewing,66,Medium,Heavy,Good,0,Minor_Chronic,Basic,Day,Occasional,Medium
Shamina Begum,Pallmall Group,26,Ironing,58,Medium,None,Average,0,Healthy,None,Night,Frequent,Medium
Taslima Akter,Pallmall Group,12,Sewing,65,None,Heavy,Poor,1,Healthy,Basic,Evening,Occasional,High
Nazia Sultana,Pallmall Group,32,Cutting,29,None,Light,Average,0,Healthy,Advanced,Night,Rare,Low
Abdul Latif,Pallmall Group,5,Machine_Maintenance,54,None,Light,Average,0,Healthy,Advanced,Day,Occasional,Low
Rasel Hossain,Pallmall Group,23,Packaging,63,None,Light,Poor,0,Healthy,Basic,Night,Rare,High
Mariam Noor,Pallmall Group,18,Dyeing,38,None,Light,Good,1,Healthy,Basic,Day,Frequent,Low
Nazia Sultana,Pallmall Group,15,Packaging,45,Medium,Light,Poor,3,Minor_Chronic,Basic,Day,Rare,High
Taslima Akter,Pallmall Group,39,Packaging,28,None,Light,Average,0,Healthy,Basic,Night,Frequent,Low
Taslima Akter,Pallmall Group,27,Cutting,62,Low,None,Average,0,Healthy,Basic,Day,Occasional,Medium
Shahidul Islam,Pallmall Group,32,Sewing,62,Low,None,Average,0,Healthy,Basic,Day,Occasional,Medium
Taslima Akter,Pallmall Group,40,Ironing,58,None,Heavy,Poor,2,Healthy,Basic,Day,Occasional,High
Rahim Ahmed,Pallmall Group,12,Packaging,55,Medium,Heavy,Average,0,Healthy,Advanced,Day,Rare,Medium
Fariha Khan,Pallmall Group,24,Cutting,66,Medium,Heavy,Good,0,Minor_Chronic,Basic,Day,Frequent,High
Taslima Akter,Pallmall Group,35,Dyeing,28,None,Light,Average,0,Minor_Chronic,Advanced,Evening,Rare,Low
Fariha Khan,Pallmall Group,26,Sewing,52,None,Light,Average,1,Minor_Chronic,Basic,Day,Occasional,Low
Mushfiqur Rahman,Pallmall Group,37,Packaging,65,None,Heavy,Poor,0,Healthy,Advanced,Day,Occasional,Medium
Nazia Sultana,Pallmall Group,6,Packaging,47,Low,Heavy,Good,0,Serious_Chronic,None,Evening,Frequent,High
Taslima Akter,Pallmall Group,4,Packaging,30,None,Light,Good,3,Healthy,Advanced,Day,Rare,Medium
Fariha Khan,Pallmall Group,30,Supervisor,29,Low,Heavy,Average,0,Healthy,Basic,Evening,Occasional,Low
Mariam Noor,Pallmall Group,22,Packaging,45,Medium,Heavy,Average,0,Healthy,Basic,Night,Occasional,Medium
Taslima Akter,Pallmall Group,9,Machine_Maintenance,37,None,Heavy,Good,0,Minor_Chronic,None,Day,Rare,High
Abdul Latif,Pallmall Group,31,Machine_Maintenance,32,Medium,Light,Poor,1,Healthy,None,Evening,Rare,High
Rasel Hossain,Pallmall Group,29,Packaging,36,None,None,Average,0,Healthy,Basic,Day,Occasional,Low
Shahidul Islam,Pallmall Group,38,Packaging,29,Medium,Light,Average,0,Minor_Chronic,Basic,Evening,Rare,Low
Abdul Latif,Pallmall Group,30,Sewing,61,None,Light,Average,1,Healthy,Basic,Day,Occasional,Low
Rasel Hossain,Pallmall Group,17,Ironing,65,Low,Light,Good,1,Healthy,Basic,Day,Occasional,Medium
Shahidul Islam,Pallmall Group,35,Dyeing,58,None,Light,Average,0,Healthy,Basic,Day,Frequent,Low
Shamina Begum,Pallmall Group,1,Cutting,37,Medium,Heavy,Poor,0,Healthy,Advanced,Evening,Occasional,High
Mushfiqur Rahman,Pallmall Group,13,Cutting,39,Low,Light,Average,1,Healthy,Advanced,Day,Occasional,Low
Mushfiqur Rahman,Pallmall Group,12,Supervisor,63,None,Light,Average,0,Healthy,Basic,Day,Rare,Low
Abdul Latif,Pallmall Group,28,Machine_Maintenance,48,Low,Light,Average,1,Healthy,Basic,Night,Occasional,Medium
Rasel Hossain,Pallmall Group,11,Packaging,33,None,Light,Average,0,Minor_Chronic,Advanced,Day,Frequent,Low
Rahim Ahmed,Pallmall Group,38,Cutting,30,Low,Heavy,Poor,1,Serious_Chronic,Advanced,Evening,Rare,High
Abdul Latif,Pallmall Group,1,Sewing,37,Medium,None,Average,0,Serious_Chronic,None,Day,Occasional,High
Shahidul Islam,Pallmall Group,31,Sewing,32,None,Heavy,Good,2,Healthy,Advanced,Night,Occasional,Medium
Taslima Akter,Pallmall Group,12,Cutting,53,None,Light,Good,1,Healthy,Basic,Day,Occasional,Low
Fariha Khan,Pallmall Group,26,Sewing,48,None,None,Good,0,Healthy,Basic,Day,Occasional,Low
Rasel Hossain,Pallmall Group,40,Sewing,53,Low,Heavy,Average,0,Minor_Chronic,Basic,Evening,Rare,Medium
Nazia Sultana,Pallmall Group,16,Machine_Maintenance,65,None,Light,Poor,1,Serious_Chronic,Basic,Night,Occasional,High
Abdul Latif,Pallmall Group,39,Packaging,53,None,Light,Good,0,Minor_Chronic,Basic,Night,Rare,Low
Rasel Hossain,Pallmall Group,30,Cutting,35,None,Light,Average,3,Healthy,Basic,Day,Occasional,Low
Rasel Hossain,Pallmall Group,33,Sewing,32,None,Light,Average,0,Healthy,Basic,Night,Occasional,Low
Taslima Akter,Pallmall Group,23,Ironing,42,High,Light,Average,1,Minor_Chronic,Basic,Evening,Frequent,Low
Shamina Begum,Pallmall Group,34,Sewing,43,None,Heavy,Good,0,Healthy,Basic,Night,Rare,Low
Taslima Akter,Pallmall Group,5,Machine_Maintenance,28,Low,None,Average,1,Healthy,None,Night,Occasional,High
Rahim Ahmed,Pallmall Group,18,Cutting,43,Medium,Heavy,Poor,3,Minor_Chronic,None,Day,Occasional,High
Nazia Sultana,Pallmall Group,29,Cutting,64,Low,Light,Average,1,Healthy,Basic,Evening,Rare,Medium
Abdul Latif,Pallmall Group,6,Cutting,30,None,Light,Poor,1,Healthy,Advanced,Evening,Occasional,Medium
Shahidul Islam,Pallmall Group,9,Sewing,58,Low,None,Good,0,Healthy,Advanced,Evening,Rare,Medium
Mariam Noor,Pallmall Group,40,Dyeing,40,Medium,Light,Average,1,Healthy,Basic,Day,Rare,Medium
Fariha Khan,Pallmall Group,31,Packaging,43,None,Light,Average,1,Healthy,Basic,Day,Rare,Low
Rahim Ahmed,Pallmall Group,33,Packaging,48,None,None,Good,0,Healthy,Basic,Day,Rare,Low
Mushfiqur Rahman,Pallmall Group,27,Sewing,29,None,Light,Average,1,Minor_Chronic,Advanced,Night,Frequent,Low
Abdul Latif,Pallmall Group,14,Dyeing,54,None,Heavy,Average,1,Healthy,Basic,Day,Rare,Medium
Taslima Akter,Pallmall Group,29,Ironing,65,None,None,Average,0,Healthy,Basic,Day,Frequent,Low
Taslima Akter,Pallmall Group,36,Packaging,53,Low,Heavy,Average,0,Healthy,Basic,Day,Occasional,Low
Mushfiqur Rahman,Pallmall Group,28,Cutting,65,None,Light,Good,1,Healthy,Advanced,Evening,Occasional,Medium
Nazia Sultana,Pallmall Group,21,Cutting,52,Low,Light,Average,1,Healthy,None,Night,Occasional,Medium
Rasel Hossain,Pallmall Group,3,Dyeing,38,Low,Light,Good,1,Minor_Chronic,Basic,Evening,Frequent,Medium
Rasel Hossain,Pallmall Group,19,Dyeing,35,None,None,Poor,0,Healthy,Basic,Day,Occasional,Low
Taslima Akter,Pallmall Group,31,Ironing,35,Low,Heavy,Poor,0,Healthy,Basic,Night,Frequent,Medium
Shahidul Islam,Pallmall Group,35,Cutting,60,None,None,Poor,1,Minor_Chronic,None,Day,Occasional,Medium
Mushfiqur Rahman,Pallmall Group,3,Ironing,34,High,Light,Average,2,Healthy,Basic,Night,Rare,High
Shamina Begum,Pallmall Group,26,Packaging,65,None,Light,Poor,1,Healthy,Basic,Day,Frequent,Medium
Mushfiqur Rahman,Pallmall Group,16,Ironing,48,Low,Light,Poor,0,Healthy,Advanced,Evening,Frequent,Low
Abdul Latif,Pallmall Group,11,Machine_Maintenance,35,Medium,Light,Average,1,Healthy,Basic,Day,Rare,Medium
Nazia Sultana,Pallmall Group,21,Ironing,48,None,Heavy,Average,0,Healthy,Basic,Night,Frequent,Medium
Mariam Noor,Pallmall Group,16,Machine_Maintenance,47,None,Light,Average,1,Healthy,Advanced,Day,Occasional,Low
Nazia Sultana,Pallmall Group,9,Packaging,35,Low,Heavy,Average,2,Healthy,Basic,Day,Frequent,Medium
Taslima Akter,Pallmall Group,0,Cutting,58,None,Heavy,Average,1,Serious_Chronic,Advanced,Night,Frequent,High
Abdul Latif,Pallmall Group,21,Packaging,56,Medium,Light,Average,1,Healthy,Advanced,Day,Frequent,Low
Shahidul Islam,Pallmall Group,25,Sewing,36,High,Light,Good,3,Healthy,None,Evening,Frequent,High
Taslima Akter,Pallmall Group,17,Machine_Maintenance,42,None,Light,Average,2,Healthy,Basic,Evening,Rare,Medium
Nazia Sultana,Pallmall Group,13,Dyeing,57,None,Light,Average,0,Healthy,Basic,Evening,Rare,Low
Abdul Latif,Pallmall Group,28,Sewing,53,None,Light,Average,1,Healthy,Advanced,Day,Rare,Low
Shahidul Islam,Pallmall Group,11,Dyeing,37,None,Heavy,Poor,0,Healthy,Basic,Night,Rare,High
Rasel Hossain,Pallmall Group,35,Supervisor,56,Medium,Light,Good,1,Minor_Chronic,None,Night,Occasional,Medium
Taslima Akter,Pallmall Group,34,Sewing,43,Medium,Light,Poor,0,Minor_Chronic,Basic,Day,Occasional,Medium
Shamina Begum,Pallmall Group,11,Ironing,63,None,Light,Good,1,Healthy,Advanced,Day,Occasional,Medium
Nazia Sultana,Pallmall Group,6,Packaging,47,None,Light,Average,0,Minor_Chronic,Advanced,Day,Occasional,Low
Rasel Hossain,Pallmall Group,28,Packaging,64,None,Heavy,Good,0,Healthy,Advanced,Day,Frequent,Medium
Mariam Noor,Pallmall Group,10,Cutting,49,None,Light,Average,1,Healthy,Basic,Day,Occasional,Low
Shahidul Islam,Pallmall Group,32,Sewing,34,Medium,None,Average,0,Serious_Chronic,Basic,Night,Occasional,Medium
Shahidul Islam,Pallmall Group,5,Sewing,50,None,None,Average,1,Minor_Chronic,Basic,Evening,Rare,Low
Mushfiqur Rahman,Pallmall Group,14,Dyeing,68,Medium,Heavy,Average,3,Healthy,Basic,Evening,Rare,High
Rahim Ahmed,Pallmall Group,31,Ironing,67,Low,Light,Average,0,Healthy,None,Day,Occasional,Medium
Shamina Begum,Pallmall Group,10,Machine_Maintenance,56,Low,Heavy,Average,1,Healthy,Basic,Day,Occasional,High
Shamina Begum,Pallmall Group,22,Sewing,43,None,None,Average,0,Healthy,Basic,Evening,Occasional,Low
Shamina Begum,Pallmall Group,25,Packaging,65,Low,Light,Average,0,Minor_Chronic,Advanced,Evening,Occasional,Low
Shamina Begum,Pallmall Group,33,Sewing,55,Low,Light,Poor,0,Healthy,None,Evening,Rare,Low
Rasel Hossain,Pallmall Group,33,Sewing,65,Medium,Light,Good,2,Healthy,Advanced,Day,Rare,High
Nazia Sultana,Pallmall Group,28,Ironing,58,None,Light,Average,0,Healthy,Basic,Evening,Occasional,Low
Nazia Sultana,Pallmall Group,3,Ironing,41,None,None,Average,1,Healthy,Basic,Day,Rare,Low
Shahidul Islam,Pallmall Group,16,Packaging,60,Low,Light,Good,1,Minor_Chronic,Basic,Day,Occasional,Low
Fariha Khan,Pallmall Group,34,Machine_Maintenance,36,None,Light,Average,2,Minor_Chronic,Basic,Evening,Frequent,Medium
Mushfiqur Rahman,Pallmall Group,12,Dyeing,54,None,Light,Average,0,Healthy,Basic,Day,Rare,Low
Taslima Akter,Pallmall Group,40,Supervisor,51,High,Light,Average,1,Healthy,Basic,Night,Occasional,Medium
Abdul Latif,Pallmall Group,38,Machine_Maintenance,40,None,Heavy,Good,0,Healthy,Advanced,Day,Occasional,Medium
Taslima Akter,Pallmall Group,14,Dyeing,53,None,Light,Poor,1,Healthy,Advanced,Evening,Occasional,Medium
Taslima Akter,Pallmall Group,28,Packaging,56,None,Light,Average,2,Healthy,Basic,Night,Rare,Low
Shamina Begum,Pallmall Group,28,Dyeing,55,Low,Light,Average,0,Healthy,Advanced,Day,Frequent,Low
Fariha Khan,Pallmall Group,10,Sewing,55,None,Heavy,Poor,0,Healthy,Basic,Night,Rare,High
Abdul Latif,Pallmall Group,31,Packaging,35,Low,Heavy,Poor,1,Healthy,Advanced,Evening,Occasional,Low
Abdul Latif,Pallmall Group,1,Sewing,50,None,Light,Average,0,Minor_Chronic,Basic,Night,Occasional,Low
Fariha Khan,Pallmall Group,13,Dyeing,56,None,Light,Average,1,Healthy,Advanced,Day,Rare,Low
Nazia Sultana,Pallmall Group,19,Packaging,32,Low,Heavy,Good,1,Minor_Chronic,Advanced,Day,Rare,Medium
Mariam Noor,Pallmall Group,21,Sewing,34,None,Heavy,Average,0,Healthy,Advanced,Day,Rare,Low
Mariam Noor,Pallmall Group,10,Sewing,63,High,Light,Average,0,Minor_Chronic,None,Evening,Occasional,Medium
Mariam Noor,Pallmall Group,26,Machine_Maintenance,68,None,Heavy,Poor,1,Healthy,Basic,Day,Rare,High
Nazia Sultana,Pallmall Group,2,Dyeing,54,None,Light,Average,1,Minor_Chronic,Basic,Day,Frequent,Medium
Abdul Latif,Pallmall Group,16,Sewing,29,None,Heavy,Average,0,Healthy,None,Day,Rare,Medium
Mariam Noor,Pallmall Group,27,Packaging,52,None,Light,Average,1,Serious_Chronic,Basic,Day,Frequent,Low
Mushfiqur Rahman,Pallmall Group,28,Dyeing,36,High,Light,Poor,0,Healthy,Advanced,Evening,Frequent,High
Mariam Noor,Pallmall Group,20,Ironing,54,Medium,None,Average,0,Healthy,Basic,Day,Occasional,Low
Taslima Akter,Pallmall Group,15,Supervisor,28,None,Heavy,Good,2,Healthy,Basic,Day,Occasional,Low
Rasel Hossain,Pallmall Group,36,Packaging,50,Low,Heavy,Average,0,Minor_Chronic,Basic,Day,Rare,Medium
Nazia Sultana,Pallmall Group,19,Cutting,37,Low,Light,Average,2,Minor_Chronic,None,Evening,Frequent,Medium
Mushfiqur Rahman,Pallmall Group,5,Packaging,52,None,Light,Average,1,Minor_Chronic,Basic,Night,Occasional,Low
Fariha Khan,Pallmall Group,18,Machine_Maintenance,30,None,None,Poor,0,Minor_Chronic,Basic,Evening,Frequent,Low
Rasel Hossain,Pallmall Group,4,Sewing,33,Medium,Light,Poor,0,Minor_Chronic,Basic,Day,Occasional,Medium
Taslima Akter,Pallmall Group,2,Sewing,33,High,Light,Good,0,Healthy,Advanced,Day,Frequent,Low
Fariha Khan,Pallmall Group,0,Sewing,29,High,Light,Average,0,Healthy,None,Day,Occasional,Medium
Shamina Begum,Pallmall Group,37,Packaging,45,Medium,Heavy,Average,1,Healthy,Advanced,Evening,Frequent,Medium
Abdul Latif,Pallmall Group,14,Dyeing,50,Low,None,Poor,0,Healthy,Advanced,Day,Rare,Medium
Rahim Ahmed,Pallmall Group,33,Dyeing,29,None,None,Average,0,Healthy,None,Night,Occasional,Medium
Mushfiqur Rahman,Pallmall Group,34,Machine_Maintenance,39,None,Light,Poor,2,Healthy,Advanced,Night,Occasional,High
Nazia Sultana,Pallmall Group,24,Packaging,49,None,Light,Poor,0,Healthy,Basic,Day,Occasional,Low
Nazia Sultana,Pallmall Group,23,Sewing,64,Low,Heavy,Average,0,Healthy,Basic,Day,Occasional,Medium
Taslima Akter,Pallmall Group,11,Cutting,47,Medium,Light,Average,0,Healthy,Basic,Day,Occasional,Low
Fariha Khan,Pallmall Group,17,Cutting,66,Medium,Light,Poor,0,Healthy,Basic,Day,Rare,Medium
Shamina Begum,Pallmall Group,14,Cutting,51,Medium,Light,Poor,0,Healthy,Advanced,Evening,Occasional,Medium
Mariam Noor,Pallmall Group,15,Dyeing,47,Medium,None,Average,1,Healthy,Basic,Evening,Occasional,Medium
Fariha Khan,Pallmall Group,26,Machine_Maintenance,28,High,Light,Average,0,Minor_Chronic,None,Day,Rare,High
Rasel Hossain,Pallmall Group,7,Cutting,28,None,None,Average,0,Healthy,Basic,Night,Occasional,Low
Shamina Begum,Pallmall Group,24,Ironing,44,Medium,Light,Average,1,Minor_Chronic,Basic,Evening,Rare,Low
Nazia Sultana,Pallmall Group,16,Packaging,28,Low,Light,Good,0,Healthy,Advanced,Night,Rare,Low
Rahim Ahmed,Pallmall Group,28,Cutting,57,None,None,Poor,1,Healthy,Basic,Evening,Occasional,Medium
Mushfiqur Rahman,Pallmall Group,7,Sewing,68,High,None,Poor,0,Healthy,Basic,Evening,Frequent,Medium
Taslima Akter,Pallmall Group,14,Ironing,30,Medium,Light,Average,0,Healthy,Basic,Day,Occasional,Low
Nazia Sultana,Pallmall Group,26,Sewing,38,None,Light,Poor,1,Healthy,Basic,Evening,Frequent,Low
Mariam Noor,Pallmall Group,6,Machine_Maintenance,51,None,Heavy,Average,1,Healthy,None,Day,Occasional,High
Shahidul Islam,Pallmall Group,2,Sewing,49,Low,None,Average,0,Minor_Chronic,Basic,Evening,Occasional,Low
Nazia Sultana,Pallmall Group,28,Cutting,53,Low,None,Good,1,Minor_Chronic,None,Day,Rare,Low
Taslima Akter,Pallmall Group,23,Ironing,40,High,None,Good,0,Serious_Chronic,Advanced,Day,Frequent,Medium
Mariam Noor,Pallmall Group,2,Supervisor,28,None,Light,Good,0,Serious_Chronic,Basic,Day,Occasional,Low
Nazia Sultana,Pallmall Group,19,Sewing,51,None,Light,Poor,1,Healthy,Advanced,Day,Occasional,Low
Shahidul Islam,Pallmall Group,14,Sewing,37,None,Heavy,Good,0,Healthy,Advanced,Day,Rare,Low
Taslima Akter,Pallmall Group,24,Sewing,62,None,Light,Poor,0,Healthy,Advanced,Night,Frequent,Medium
Taslima Akter,Pallmall Group,29,Sewing,51,None,Light,Average,1,Healthy,None,Day,Occasional,Low
Rahim Ahmed,Pallmall Group,13,Sewing,55,Medium,Light,Average,0,Minor_Chronic,Advanced,Evening,Frequent,Low
Nazia Sultana,Pallmall Group,6,Dyeing,63,None,Heavy,Poor,0,Minor_Chronic,Advanced,Day,Rare,High
Nazia Sultana,Pallmall Group,16,Sewing,43,None,Light,Average,1,Minor_Chronic,Advanced,Day,Rare,Low
Mariam Noor,Pallmall Group,19,Sewing,67,None,Light,Poor,0,Minor_Chronic,None,Day,Rare,Medium
Shamina Begum,Pallmall Group,35,Packaging,43,None,Heavy,Average,2,Healthy,None,Day,Occasional,High
Fariha Khan,Pallmall Group,8,Cutting,44,Medium,Heavy,Good,0,Healthy,Advanced,Day,Frequent,Medium
Fariha Khan,Pallmall Group,37,Cutting,42,Low,Heavy,Poor,2,Healthy,Basic,Day,Occasional,High
Fariha Khan,Pallmall Group,21,Cutting,43,Medium,Light,Poor,0,Serious_Chronic,None,Day,Rare,High
Rasel Hossain,Pallmall Group,1,Supervisor,42,None,Light,Average,0,Serious_Chronic,Basic,Night,Occasional,Medium
Fariha Khan,Pallmall Group,23,Sewing,61,None,None,Good,1,Healthy,Advanced,Day,Occasional,Low
Fariha Khan,Pallmall Group,7,Machine_Maintenance,38,None,Light,Poor,0,Healthy,Basic,Night,Rare,Medium
Shamina Begum,Pallmall Group,10,Packaging,28,None,None,Average,0,Healthy,Advanced,Night,Frequent,Low
Taslima Akter,Pallmall Group,12,Sewing,42,Medium,Heavy,Good,1,Healthy,Basic,Evening,Rare,Medium
Nazia Sultana,Pallmall Group,16,Supervisor,53,None,Heavy,Poor,2,Minor_Chronic,Basic,Night,Occasional,High
Nazia Sultana,Pallmall Group,7,Sewing,31,Low,Light,Average,1,Healthy,Basic,Day,Occasional,Low
Taslima Akter,Pallmall Group,20,Sewing,32,None,None,Average,3,Healthy,Basic,Night,Rare,Medium
Shamina Begum,Pallmall Group,17,Packaging,62,Low,None,Average,0,Healthy,Basic,Day,Occasional,Low
Shahidul Islam,Pallmall Group,29,Packaging,40,Medium,Heavy,Good,0,Serious_Chronic,Basic,Day,Occasional,Medium
Fariha Khan,Pallmall Group,17,Dyeing,37,Low,Light,Poor,0,Healthy,Basic,Evening,Occasional,Medium
Shahidul Islam,Pallmall Group,30,Sewing,38,Low,Light,Good,1,Healthy,Basic,Night,Occasional,Low
Rahim Ahmed,Pallmall Group,37,Ironing,45,High,Light,Good,0,Healthy,Basic,Night,Rare,Medium
Rasel Hossain,Pallmall Group,31,Packaging,61,Low,Light,Poor,0,Healthy,Basic,Day,Frequent,Low
Rahim Ahmed,Pallmall Group,10,Cutting,66,None,Heavy,Poor,0,Healthy,None,Day,Occasional,High
Abdul Latif,Pallmall Group,24,Cutting,68,None,Light,Good,0,Minor_Chronic,None,Evening,Occasional,Medium
Shamina Begum,Pallmall Group,32,Sewing,50,Low,Light,Average,0,Minor_Chronic,Basic,Evening,Occasional,Low
Fariha Khan,Pallmall Group,37,Sewing,34,Low,Heavy,Average,1,Healthy,Advanced,Day,Rare,Medium
Shahidul Islam,Pallmall Group,40,Machine_Maintenance,66,None,Light,Average,1,Healthy,Basic,Day,Rare,Medium
Rasel Hossain,Pallmall Group,7,Cutting,30,None,None,Average,1,Minor_Chronic,None,Night,Frequent,Medium
Mushfiqur Rahman,Pallmall Group,10,Supervisor,39,High,Light,Good,2,Healthy,Basic,Evening,Frequent,Medium
Taslima Akter,Pallmall Group,21,Cutting,34,None,None,Poor,0,Healthy,Basic,Day,Occasional,Low
Mushfiqur Rahman,Pallmall Group,23,Packaging,53,None,Heavy,Poor,0,Healthy,Basic,Evening,Rare,Medium
Fariha Khan,Pallmall Group,40,Sewing,60,None,Light,Good,1,Healthy,Basic,Evening,Occasional,Low
Taslima Akter,Pallmall Group,16,Cutting,64,Medium,Heavy,Good,0,Healthy,Basic,Night,Occasional,Medium
Mushfiqur Rahman,Pallmall Group,11,Sewing,42,None,Light,Average,0,Serious_Chronic,Basic,Evening,Frequent,Medium
Shahidul Islam,Pallmall Group,31,Cutting,29,Low,None,Good,2,Minor_Chronic,None,Day,Rare,Medium
Fariha Khan,Pallmall Group,14,Ironing,68,None,Light,Average,0,Healthy,None,Night,Rare,Medium
Rahim Ahmed,Pallmall Group,15,Supervisor,34,Low,Heavy,Poor,2,Minor_Chronic,Basic,Day,Occasional,Medium
Abdul Latif,Pallmall Group,21,Dyeing,59,Medium,None,Good,0,Healthy,Basic,Night,Rare,High
Shamina Begum,Pallmall Group,27,Sewing,31,None,Light,Average,1,Healthy,Advanced,Evening,Frequent,Low
Mushfiqur Rahman,Pallmall Group,19,Sewing,47,Low,Heavy,Poor,0,Healthy,Basic,Night,Occasional,Medium
Mariam Noor,Pallmall Group,32,Sewing,63,None,Light,Average,1,Healthy,Advanced,Day,Frequent,Low
Abdul Latif,Pallmall Group,9,Ironing,59,None,Light,Average,1,Minor_Chronic,None,Evening,Rare,Medium
Shahidul Islam,Pallmall Group,39,Packaging,55,Medium,Light,Good,1,Healthy,Advanced,Night,Occasional,Medium
Nazia Sultana,Pallmall Group,31,Machine_Maintenance,40,None,Heavy,Poor,1,Minor_Chronic,Basic,Evening,Occasional,High
Shamina Begum,Pallmall Group,32,Sewing,28,Low,Light,Poor,0,Healthy,Basic,Day,Rare,Low
Shamina Begum,Pallmall Group,1,Ironing,62,None,Heavy,Average,0,Healthy,None,Day,Occasional,High
Mariam Noor,Pallmall Group,32,Ironing,57,None,Light,Good,1,Healthy,None,Evening,Occasional,Medium
Abdul Latif,Pallmall Group,32,Dyeing,63,None,Heavy,Average,0,Serious_Chronic,Basic,Day,Frequent,High
Mushfiqur Rahman,Pallmall Group,40,Ironing,52,Low,None,Average,0,Healthy,None,Evening,Rare,Low
Mushfiqur Rahman,Pallmall Group,12,Packaging,43,None,None,Average,0,Healthy,None,Day,Frequent,Low
Nazia Sultana,Pallmall Group,29,Dyeing,46,Low,Heavy,Poor,2,Healthy,Basic,Night,Frequent,High
Mariam Noor,Pallmall Group,32,Sewing,28,None,Heavy,Average,2,Healthy,None,Day,Occasional,High
Mariam Noor,Pallmall Group,12,Packaging,32,None,Light,Poor,1,Minor_Chronic,Basic,Day,Occasional,Low
Shahidul Islam,Pallmall Group,25,Sewing,49,Medium,Light,Good,0,Minor_Chronic,Basic,Day,Rare,Low
Mushfiqur Rahman,Pallmall Group,21,Packaging,51,Medium,Heavy,Poor,0,Serious_Chronic,Basic,Evening,Occasional,High
Shahidul Islam,Pallmall Group,38,Cutting,64,None,None,Average,0,Minor_Chronic,Basic,Day,Occasional,Low
Mariam Noor,Pallmall Group,1,Ironing,63,Low,Light,Poor,1,Healthy,Advanced,Day,Occasional,High
Fariha Khan,Pallmall Group,37,Machine_Maintenance,63,None,Heavy,Average,0,Healthy,Advanced,Evening,Occasional,High
Rasel Hossain,Pallmall Group,38,Machine_Maintenance,31,Medium,Light,Average,1,Healthy,Basic,Day,Frequent,Medium
Shahidul Islam,Pallmall Group,25,Packaging,63,Medium,Light,Average,1,Serious_Chronic,Basic,Night,Occasional,High
Shamina Begum,Pallmall Group,14,Ironing,45,Medium,Heavy,Poor,0,Healthy,Basic,Night,Frequent,High
Shahidul Islam,Pallmall Group,33,Packaging,43,Medium,Light,Average,1,Healthy,Basic,Day,Occasional,Low
Taslima Akter,Pallmall Group,39,Ironing,68,None,None,Average,0,Healthy,Advanced,Night,Occasional,Low
Abdul Latif,Pallmall Group,10,Packaging,45,Medium,Heavy,Average,0,Healthy,Basic,Evening,Occasional,Medium
Abdul Latif,Pallmall Group,2,Cutting,49,Low,Light,Average,0,Healthy,Basic,Day,Occasional,Low
Shamina Begum,Pallmall Group,5,Supervisor,29,None,Heavy,Average,1,Healthy,Basic,Evening,Rare,Low
Rasel Hossain,Pallmall Group,8,Machine_Maintenance,48,None,Heavy,Average,1,Minor_Chronic,Advanced,Night,Rare,High
Nazia Sultana,Pallmall Group,5,Packaging,63,High,None,Good,0,Healthy,Advanced,Night,Occasional,High
Mariam Noor,Pallmall Group,8,Sewing,66,Medium,None,Average,0,Healthy,Advanced,Evening,Frequent,Medium
Mushfiqur Rahman,Pallmall Group,38,Sewing,66,None,Light,Poor,0,Minor_Chronic,Basic,Day,Occasional,Low
Rahim Ahmed,Pallmall Group,30,Packaging,56,Low,Light,Good,0,Healthy,Basic,Evening,Rare,Low
Nazia Sultana,Pallmall Group,31,Sewing,53,Medium,Light,Poor,0,Healthy,Advanced,Day,Rare,Medium
Shahidul Islam,Pallmall Group,40,Packaging,48,None,Light,Good,0,Healthy,Basic,Evening,Occasional,Low
Rasel Hossain,Pallmall Group,11,Ironing,44,None,Light,Poor,1,Healthy,Basic,Night,Occasional,Medium
Shamina Begum,Pallmall Group,7,Cutting,43,Low,Light,Average,1,Healthy,Basic,Day,Frequent,Low
Rasel Hossain,Pallmall Group,7,Machine_Maintenance,58,None,Light,Poor,2,Healthy,Basic,Day,Occasional,High
Mushfiqur Rahman,Pallmall Group,27,Dyeing,36,None,Light,Good,1,Serious_Chronic,Basic,Evening,Occasional,Medium
Mushfiqur Rahman,Pallmall Group,19,Dyeing,58,Low,Light,Average,1,Healthy,Advanced,Day,Occasional,Medium
Shahidul Islam,Pallmall Group,6,Ironing,41,Medium,None,Average,0,Healthy,None,Day,Occasional,Low
Abdul Latif,Pallmall Group,10,Cutting,64,Low,Light,Poor,1,Healthy,Advanced,Evening,Occasional,High
Fariha Khan,Pallmall Group,19,Packaging,29,Medium,None,Average,0,Serious_Chronic,Advanced,Night,Rare,Medium
Shahidul Islam,Pallmall Group,15,Sewing,41,None,Light,Average,0,Minor_Chronic,Advanced,Evening,Rare,Low
Shamina Begum,Pallmall Group,3,Machine_Maintenance,60,None,Light,Average,0,Healthy,Basic,Day,Occasional,Low
Rahim Ahmed,Pallmall Group,5,Machine_Maintenance,62,Low,None,Poor,0,Healthy,Basic,Evening,Rare,High
Rahim Ahmed,Pallmall Group,21,Cutting,66,None,Light,Average,0,Healthy,Advanced,Day,Rare,Low
Nazia Sultana,Pallmall Group,25,Packaging,47,Medium,Light,Average,1,Healthy,Basic,Night,Rare,Medium
Mushfiqur Rahman,Pallmall Group,2,Dyeing,29,None,None,Poor,0,Healthy,Basic,Evening,Frequent,Medium
Rahim Ahmed,Pallmall Group,40,Cutting,68,None,Light,Poor,1,Healthy,Basic,Night,Rare,High
Nazia Sultana,Pallmall Group,13,Supervisor,46,None,Heavy,Average,0,Healthy,None,Night,Occasional,Medium
Shahidul Islam,Pallmall Group,10,Sewing,64,High,Light,Good,0,Healthy,Basic,Day,Occasional,Medium
Mushfiqur Rahman,Pallmall Group,17,Sewing,45,None,Heavy,Poor,0,Healthy,Basic,Night,Occasional,Medium
Fariha Khan,Pallmall Group,11,Ironing,43,None,Light,Average,0,Healthy,Basic,Night,Occasional,Low
Mushfiqur Rahman,Pallmall Group,22,Ironing,31,None,Light,Poor,2,Healthy,None,Evening,Occasional,Medium
Shahidul Islam,Pallmall Group,11,Dyeing,39,Medium,Light,Average,0,Healthy,Advanced,Day,Occasional,Medium
Abdul Latif,Pallmall Group,12,Packaging,56,None,Light,Average,0,Healthy,Basic,Evening,Rare,Low
Abdul Latif,Pallmall Group,24,Dyeing,34,None,Light,Poor,0,Serious_Chronic,Basic,Day,Occasional,Medium
Rahim Ahmed,Pallmall Group,18,Dyeing,41,None,Light,Average,0,Healthy,Advanced,Evening,Frequent,Low
Shamina Begum,Pallmall Group,35,Sewing,39,Low,Light,Good,0,Healthy,Basic,Day,Frequent,Low
Abdul Latif,Pallmall Group,7,Cutting,62,None,Light,Good,1,Healthy,Advanced,Evening,Occasional,Medium
Mushfiqur Rahman,Pallmall Group,28,Sewing,32,None,Light,Poor,0,Healthy,Basic,Night,Frequent,Low
Rasel Hossain,Pallmall Group,31,Sewing,44,None,Light,Poor,0,Healthy,Basic,Day,Frequent,Low
Mushfiqur Rahman,Pallmall Group,17,Ironing,59,Low,Light,Good,0,Healthy,Basic,Evening,Occasional,Low
Taslima Akter,Pallmall Group,5,Sewing,37,Low,Light,Poor,2,Healthy,Basic,Day,Occasional,Medium
Fariha Khan,Pallmall Group,17,Sewing,44,Low,Heavy,Average,0,Healthy,Basic,Evening,Occasional,Low
Abdul Latif,Pallmall Group,18,Sewing,32,High,Light,Poor,3,Minor_Chronic,Basic,Evening,Frequent,Medium
Shamina Begum,Pallmall Group,21,Machine_Maintenance,36,High,Light,Average,0,Minor_Chronic,Basic,Day,Occasional,Medium
Rasel Hossain,Pallmall Group,36,Machine_Maintenance,60,None,Light,Poor,0,Serious_Chronic,Advanced,Evening,Frequent,High
Fariha Khan,Pallmall Group,31,Dyeing,63,Medium,Heavy,Good,0,Healthy,Basic,Night,Rare,High
Nazia Sultana,Pallmall Group,40,Machine_Maintenance,63,Low,None,Good,1,Healthy,Advanced,Day,Rare,Medium
Rasel Hossain,Pallmall Group,2,Packaging,45,Medium,Light,Average,0,Serious_Chronic,Basic,Evening,Rare,High
Mariam Noor,Pallmall Group,27,Dyeing,36,None,Light,Good,0,Healthy,Basic,Evening,Rare,Low
Nazia Sultana,Pallmall Group,9,Sewing,56,Low,None,Average,1,Healthy,Advanced,Day,Frequent,Low
Mariam Noor,Pallmall Group,34,Packaging,41,None,Light,Poor,0,Healthy,Advanced,Night,Rare,Medium
Rahim Ahmed,Pallmall Group,28,Packaging,52,Medium,Light,Average,1,Healthy,Basic,Evening,Occasional,Low
Nazia Sultana,Pallmall Group,14,Dyeing,42,None,Heavy,Average,0,Healthy,Advanced,Day,Rare,Medium
Mariam Noor,Pallmall Group,32,Packaging,33,None,Light,Poor,0,Healthy,Basic,Day,Rare,Low
Shamina Begum,Pallmall Group,6,Ironing,56,None,Light,Poor,1,Healthy,None,Day,Rare,Medium
Shahidul Islam,Pallmall Group,11,Packaging,42,None,Light,Good,3,Healthy,Basic,Evening,Frequent,Medium
Fariha Khan,Pallmall Group,29,Machine_Maintenance,56,Low,Light,Good,0,Healthy,Advanced,Evening,Occasional,Low
Rasel Hossain,Pallmall Group,20,Cutting,31,None,Light,Good,1,Healthy,Advanced,Evening,Occasional,Low
Shamina Begum,Pallmall Group,30,Packaging,45,None,None,Poor,2,Healthy,None,Evening,Frequent,Medium
Nazia Sultana,Pallmall Group,23,Ironing,66,Medium,Light,Average,0,Healthy,Advanced,Day,Frequent,Low
Shahidul Islam,Pallmall Group,19,Packaging,43,None,Light,Poor,0,Healthy,Advanced,Day,Occasional,Low
Mariam Noor,Pallmall Group,36,Packaging,38,Low,Light,Good,0,Healthy,Basic,Night,Rare,Low
Taslima Akter,Pallmall Group,3,Sewing,41,None,None,Poor,0,Healthy,Basic,Night,Rare,Medium
Shahidul Islam,Pallmall Group,27,Dyeing,30,None,Light,Average,0,Healthy,Basic,Day,Rare,Low
Abdul Latif,Pallmall Group,19,Sewing,65,Medium,Light,Average,0,Healthy,Basic,Evening,Rare,Medium
Nazia Sultana,Pallmall Group,23,Packaging,45,Medium,Heavy,Good,1,Healthy,Advanced,Day,Occasional,Medium
Mariam Noor,Pallmall Group,31,Ironing,47,None,Light,Average,0,Minor_Chronic,Basic,Day,Rare,Low
Nazia Sultana,Pallmall Group,40,Packaging,52,High,Light,Average,0,Minor_Chronic,Basic,Evening,Frequent,Low
Mariam Noor,Pallmall Group,35,Sewing,65,Medium,Heavy,Average,1,Healthy,Basic,Day,Frequent,Medium
Taslima Akter,Pallmall Group,33,Dyeing,40,High,Light,Good,0,Healthy,Basic,Day,Rare,Medium
Shamina Begum,Pallmall Group,35,Sewing,31,None,Heavy,Poor,1,Healthy,Basic,Evening,Frequent,Medium
Fariha Khan,Pallmall Group,1,Packaging,41,None,None,Good,0,Healthy,Basic,Night,Occasional,Medium
Rasel Hossain,Pallmall Group,14,Machine_Maintenance,60,Low,Light,Good,0,Serious_Chronic,Basic,Night,Rare,High
Shahidul Islam,Pallmall Group,33,Supervisor,55,Low,Light,Poor,1,Serious_Chronic,None,Evening,Occasional,Medium
Shahidul Islam,Pallmall Group,35,Packaging,64,None,Heavy,Poor,1,Healthy,Advanced,Day,Rare,High
Taslima Akter,Pallmall Group,5,Packaging,35,Medium,Light,Average,1,Healthy,Basic,Day,Rare,Low
Shamina Begum,Pallmall Group,38,Sewing,61,None,Heavy,Poor,0,Minor_Chronic,Basic,Evening,Occasional,Medium
Abdul Latif,Pallmall Group,11,Cutting,32,None,Light,Average,0,Minor_Chronic,None,Night,Occasional,Medium
Shamina Begum,Pallmall Group,2,Ironing,32,None,Heavy,Average,1,Healthy,None,Night,Rare,High
Shahidul Islam,Pallmall Group,17,Packaging,58,Low,Light,Average,2,Healthy,Advanced,Evening,Occasional,Medium
Shamina Begum,Pallmall Group,39,Machine_Maintenance,36,None,Light,Poor,0,Healthy,Basic,Day,Frequent,Low
Mariam Noor,Pallmall Group,20,Sewing,59,Medium,Heavy,Average,0,Healthy,Basic,Day,Occasional,Medium
Mushfiqur Rahman,Pallmall Group,14,Machine_Maintenance,60,Low,Heavy,Average,0,Minor_Chronic,None,Day,Occasional,High
Mushfiqur Rahman,Pallmall Group,32,Packaging,30,Medium,Light,Good,0,Serious_Chronic,Basic,Night,Occasional,Medium
Nazia Sultana,Pallmall Group,34,Dyeing,57,High,None,Poor,1,Minor_Chronic,Advanced,Day,Occasional,High
Rahim Ahmed,Pallmall Group,25,Sewing,39,Low,None,Average,1,Healthy,Basic,Day,Rare,Low
Rahim Ahmed,Pallmall Group,7,Sewing,56,High,Light,Good,2,Healthy,Basic,Day,Frequent,Medium
Nazia Sultana,Pallmall Group,35,Ironing,30,None,None,Average,1,Healthy,Advanced,Evening,Frequent,Low
Fariha Khan,Pallmall Group,29,Dyeing,53,None,Light,Average,0,Healthy,Basic,Evening,Rare,Low
Abdul Latif,Pallmall Group,22,Sewing,57,None,Light,Poor,1,Healthy,None,Evening,Occasional,Medium
Rasel Hossain,Pallmall Group,13,Ironing,36,None,Light,Good,1,Healthy,Basic,Evening,Occasional,Low
Abdul Latif,Pallmall Group,13,Packaging,53,Medium,None,Average,0,Healthy,None,Evening,Rare,Medium
Shamina Begum,Pallmall Group,1,Packaging,29,None,Light,Good,0,Healthy,Advanced,Day,Rare,Low
Mariam Noor,Pallmall Group,36,Machine_Maintenance,30,Low,Light,Good,2,Healthy,Basic,Day,Rare,Medium
Shamina Begum,Pallmall Group,4,Cutting,31,Low,Light,Average,0,Minor_Chronic,Advanced,Night,Frequent,Medium
Fariha Khan,Pallmall Group,37,Cutting,52,Low,Light,Average,1,Healthy,None,Day,Rare,Medium
Abdul Latif,Pallmall Group,40,Packaging,40,None,Light,Poor,0,Healthy,Basic,Day,Rare,Medium
Abdul Latif,Pallmall Group,13,Cutting,66,Medium,Light,Poor,1,Healthy,None,Day,Rare,High
Mushfiqur Rahman,Pallmall Group,38,Sewing,62,None,Heavy,Average,0,Minor_Chronic,Basic,Day,Occasional,Medium
Mushfiqur Rahman,Pallmall Group,24,Sewing,50,None,Light,Average,0,Healthy,None,Day,Frequent,Low
Mushfiqur Rahman,Pallmall Group,19,Cutting,36,Low,Heavy,Average,2,Healthy,Basic,Evening,Occasional,Medium
Abdul Latif,Pallmall Group,1,Sewing,29,Low,Light,Good,1,Healthy,Advanced,Night,Rare,High
Shahidul Islam,Pallmall Group,38,Cutting,68,None,Heavy,Poor,1,Healthy,None,Evening,Occasional,High
Rasel Hossain,Pallmall Group,5,Sewing,58,Medium,None,Average,1,Healthy,Basic,Day,Occasional,Medium
Shamina Begum,Pallmall Group,16,Sewing,29,None,Light,Average,1,Minor_Chronic,Advanced,Evening,Occasional,Low
Mariam Noor,Pallmall Group,24,Dyeing,59,None,Light,Average,2,Healthy,Advanced,Night,Occasional,Medium
Shamina Begum,Pallmall Group,27,Dyeing,45,None,Light,Good,1,Minor_Chronic,Basic,Night,Rare,Medium
Rasel Hossain,Pallmall Group,1,Dyeing,40,Low,Light,Average,2,Healthy,Advanced,Day,Rare,High
Fariha Khan,Pallmall Group,34,Sewing,32,Low,Light,Average,1,Healthy,Basic,Day,Rare,Low
Shamina Begum,Pallmall Group,36,Sewing,37,None,Light,Average,2,Healthy,Basic,Night,Frequent,Medium
Nazia Sultana,Pallmall Group,4,Dyeing,52,None,Light,Poor,0,Minor_Chronic,Advanced,Evening,Occasional,Low
Rasel Hossain,Pallmall Group,0,Dyeing,61,Medium,Light,Average,0,Healthy,Advanced,Day,Occasional,High
Mariam Noor,Pallmall Group,39,Ironing,64,None,Heavy,Average,2,Healthy,Advanced,Day,Frequent,Medium
Taslima Akter,Pallmall Group,11,Cutting,57,None,Light,Good,1,Healthy,Advanced,Evening,Frequent,Low
Mushfiqur Rahman,Pallmall Group,35,Machine_Maintenance,34,Low,Light,Good,0,Healthy,Basic,Day,Rare,Low
Mariam Noor,Pallmall Group,22,Cutting,33,None,Light,Average,0,Minor_Chronic,Basic,Day,Rare,Low
Fariha Khan,Pallmall Group,30,Ironing,30,Medium,Heavy,Average,0,Serious_Chronic,Basic,Day,Frequent,High
Rahim Ahmed,Pallmall Group,10,Packaging,40,None,Light,Poor,0,Healthy,Basic,Day,Frequent,Low
Shamina Begum,Pallmall Group,9,Ironing,30,Low,Light,Poor,0,Healthy,None,Day,Occasional,Medium
Abdul Latif,Pallmall Group,2,Cutting,53,None,Light,Average,0,Healthy,Basic,Day,Frequent,Low
Rahim Ahmed,Pallmall Group,13,Cutting,51,Medium,Light,Average,1,Healthy,Advanced,Day,Rare,Low
Rasel Hossain,Pallmall Group,15,Packaging,33,None,Light,Poor,0,Serious_Chronic,Advanced,Day,Rare,Medium
Rahim Ahmed,Pallmall Group,9,Sewing,39,Low,Heavy,Average,0,Healthy,Basic,Day,Occasional,Medium
Shamina Begum,Pallmall Group,28,Sewing,63,Low,Heavy,Average,0,Healthy,Basic,Day,Frequent,Medium
Fariha Khan,Pallmall Group,9,Cutting,29,None,Light,Average,0,Healthy,Basic,Day,Occasional,Low
Rahim Ahmed,Pallmall Group,11,Packaging,38,None,Heavy,Average,0,Healthy,Basic,Day,Occasional,Low
Mariam Noor,Pallmall Group,29,Sewing,66,Low,Light,Poor,1,Healthy,Advanced,Day,Rare,High
Shahidul Islam,Pallmall Group,40,Supervisor,61,High,Light,Average,0,Serious_Chronic,Basic,Day,Rare,Medium
Rasel Hossain,Pallmall Group,0,Ironing,53,None,Light,Good,1,Healthy,Basic,Day,Frequent,Low
Mushfiqur Rahman,Pallmall Group,4,Supervisor,45,None,Light,Average,0,Healthy,Advanced,Night,Rare,Low
Rasel Hossain,Pallmall Group,19,Machine_Maintenance,48,Medium,Light,Good,2,Healthy,Advanced,Day,Occasional,Low
Mariam Noor,Pallmall Group,7,Ironing,63,None,None,Poor,0,Minor_Chronic,Basic,Night,Occasional,Medium
Fariha Khan,Pallmall Group,11,Sewing,67,High,Light,Average,1,Healthy,None,Day,Occasional,High
Fariha Khan,Pallmall Group,0,Sewing,49,Low,Light,Average,0,Healthy,Advanced,Night,Frequent,Medium
Rahim Ahmed,Pallmall Group,19,Sewing,57,Low,Light,Average,0,Healthy,Basic,Day,Occasional,Low
Fariha Khan,Pallmall Group,27,Packaging,57,None,Light,Good,2,Healthy,Advanced,Evening,Occasional,Low
Mariam Noor,Pallmall Group,36,Sewing,35,None,None,Average,0,Minor_Chronic,Basic,Day,Rare,Low
Rasel Hossain,Pallmall Group,36,Cutting,61,Low,Light,Average,2,Healthy,Basic,Night,Occasional,Medium
Rasel Hossain,Pallmall Group,11,Cutting,36,Medium,Heavy,Average,1,Healthy,None,Day,Occasional,High
Mushfiqur Rahman,Pallmall Group,36,Machine_Maintenance,47,High,Light,Average,1,Healthy,Basic,Night,Rare,High
Fariha Khan,Pallmall Group,27,Sewing,67,None,Light,Average,0,Healthy,None,Evening,Frequent,Low
Nazia Sultana,Pallmall Group,14,Sewing,52,None,Light,Average,2,Healthy,Basic,Evening,Occasional,Medium
Taslima Akter,Pallmall Group,5,Sewing,46,None,Heavy,Good,0,Serious_Chronic,Basic,Night,Rare,High
Fariha Khan,Pallmall Group,19,Machine_Maintenance,32,Medium,Light,Poor,0,Healthy,Basic,Night,Rare,High
Taslima Akter,Pallmall Group,13,Dyeing,38,None,None,Average,0,Minor_Chronic,Basic,Evening,Rare,Low
Mushfiqur Rahman,Pallmall Group,1,Sewing,42,None,Light,Average,1,Healthy,None,Day,Occasional,Medium
Fariha Khan,Pallmall Group,8,Sewing,35,None,None,Good,1,Serious_Chronic,Advanced,Day,Frequent,Medium
Mushfiqur Rahman,Pallmall Group,36,Sewing,46,None,Heavy,Good,1,Healthy,None,Day,Occasional,Medium
Rahim Ahmed,Pallmall Group,19,Sewing,50,High,None,Average,0,Healthy,Basic,Day,Rare,Medium
Rahim Ahmed,Pallmall Group,25,Machine_Maintenance,54,Low,Light,Poor,0,Healthy,Basic,Day,Rare,Medium
Nazia Sultana,Pallmall Group,28,Packaging,67,None,Light,Average,1,Healthy,Advanced,Evening,Rare,Low
Mariam Noor,Pallmall Group,0,Ironing,59,None,Heavy,Average,0,Healthy,Basic,Night,Occasional,High
Abdul Latif,Pallmall Group,34,Packaging,53,None,Light,Good,3,Serious_Chronic,None,Day,Rare,High
Shamina Begum,Pallmall Group,5,Sewing,54,None,Heavy,Average,0,Minor_Chronic,None,Evening,Rare,Medium
Shamina Begum,Pallmall Group,36,Packaging,46,None,None,Average,1,Healthy,Basic,Day,Rare,Low
Fariha Khan,Pallmall Group,4,Packaging,56,Low,None,Average,0,Healthy,Basic,Night,Occasional,Low
Shahidul Islam,Pallmall Group,32,Cutting,66,None,Light,Average,0,Healthy,Basic,Day,Occasional,Low
Shamina Begum,Pallmall Group,13,Packaging,68,None,Heavy,Good,1,Minor_Chronic,None,Evening,Frequent,High
Shahidul Islam,Pallmall Group,11,Sewing,60,None,Heavy,Poor,1,Healthy,Basic,Night,Occasional,High
Mushfiqur Rahman,Pallmall Group,19,Sewing,46,Medium,None,Average,1,Healthy,Basic,Day,Occasional,Low
Rahim Ahmed,Pallmall Group,23,Sewing,64,Low,None,Good,0,Minor_Chronic,Basic,Evening,Rare,Low
Nazia Sultana,Pallmall Group,33,Cutting,46,Low,Heavy,Poor,0,Healthy,None,Night,Rare,High
Nazia Sultana,Pallmall Group,24,Packaging,60,Low,None,Average,1,Minor_Chronic,Basic,Day,Occasional,Low
Nazia Sultana,Pallmall Group,28,Machine_Maintenance,43,Low,None,Average,1,Healthy,Basic,Night,Rare,Medium
Mariam Noor,Pallmall Group,38,Dyeing,50,None,None,Average,1,Healthy,Basic,Night,Occasional,Medium
Shahidul Islam,Pallmall Group,30,Packaging,34,High,None,Poor,0,Healthy,Basic,Day,Rare,High
Mushfiqur Rahman,Pallmall Group,22,Packaging,53,None,Light,Average,1,Healthy,Advanced,Day,Rare,Low
Rasel Hossain,Pallmall Group,37,Sewing,59,None,None,Average,2,Serious_Chronic,Basic,Evening,Rare,High
Rahim Ahmed,Pallmall Group,19,Ironing,39,Medium,Light,Poor,0,Healthy,Basic,Night,Frequent,Medium
Rasel Hossain,Pallmall Group,22,Sewing,35,None,Heavy,Average,0,Healthy,Basic,Day,Rare,Low
Mushfiqur Rahman,Pallmall Group,15,Packaging,32,High,Light,Poor,1,Healthy,Basic,Evening,Rare,Medium
Mushfiqur Rahman,Pallmall Group,7,Machine_Maintenance,55,None,Light,Average,0,Healthy,None,Day,Rare,Medium
Mariam Noor,Pallmall Group,20,Sewing,32,Medium,None,Good,1,Healthy,Basic,Night,Occasional,Low
Shamina Begum,Pallmall Group,0,Packaging,53,Medium,Light,Poor,0,Healthy,None,Evening,Occasional,High
Fariha Khan,Pallmall Group,7,Dyeing,32,High,Light,Poor,0,Minor_Chronic,Advanced,Day,Rare,High
Nazia Sultana,Pallmall Group,28,Dyeing,49,Medium,Heavy,Good,1,Healthy,Basic,Evening,Occasional,High
Shamina Begum,Pallmall Group,31,Cutting,42,Medium,None,Average,0,Healthy,None,Night,Occasional,Medium
Shahidul Islam,Pallmall Group,37,Cutting,40,Low,Heavy,Poor,1,Minor_Chronic,None,Day,Occasional,High
Mushfiqur Rahman,Pallmall Group,4,Sewing,55,None,Light,Average,1,Healthy,Basic,Evening,Occasional,Low
Mushfiqur Rahman,Pallmall Group,21,Sewing,60,None,Light,Poor,0,Minor_Chronic,Basic,Day,Occasional,Low
Shahidul Islam,Pallmall Group,33,Sewing,50,Low,Heavy,Poor,0,Healthy,Basic,Evening,Occasional,Medium
Mariam Noor,Pallmall Group,0,Dyeing,60,High,Light,Good,1,Healthy,Basic,Evening,Rare,High
Nazia Sultana,Pallmall Group,25,Sewing,45,Low,Light,Average,0,Healthy,Advanced,Day,Occasional,Low
Taslima Akter,Pallmall Group,9,Machine_Maintenance,57,Medium,Heavy,Average,0,Healthy,Basic,Evening,Rare,High
Nazia Sultana,Pallmall Group,29,Ironing,53,Medium,Light,Poor,0,Healthy,Basic,Evening,Frequent,Medium
Shahidul Islam,Pallmall Group,17,Packaging,43,None,None,Poor,0,Healthy,Advanced,Night,Rare,Low
Fariha Khan,Pallmall Group,16,Cutting,40,None,Heavy,Good,1,Healthy,None,Day,Occasional,Medium
Shamina Begum,Pallmall Group,25,Ironing,66,None,Light,Poor,1,Healthy,Basic,Day,Rare,High
Nazia Sultana,Pallmall Group,7,Machine_Maintenance,60,None,Heavy,Average,0,Healthy,Basic,Night,Rare,High
Shamina Begum,Pallmall Group,39,Sewing,53,Low,None,Poor,1,Healthy,Basic,Night,Occasional,Medium
Taslima Akter,Pallmall Group,11,Sewing,28,High,Heavy,Average,0,Healthy,Basic,Day,Occasional,Medium
Rahim Ahmed,Pallmall Group,26,Packaging,65,Medium,Light,Poor,1,Healthy,None,Night,Occasional,High
Mushfiqur Rahman,Pallmall Group,7,Sewing,29,None,Heavy,Average,0,Healthy,Advanced,Evening,Rare,Low
Nazia Sultana,Pallmall Group,24,Sewing,33,None,Light,Good,2,Healthy,Basic,Night,Occasional,Low
Mushfiqur Rahman,Pallmall Group,3,Cutting,65,None,None,Average,1,Healthy,Advanced,Day,Rare,Medium
Fariha Khan,Pallmall Group,32,Sewing,51,Low,Light,Poor,0,Healthy,Advanced,Day,Occasional,Low
Mariam Noor,Pallmall Group,0,Dyeing,45,None,None,Average,0,Minor_Chronic,Basic,Day,Occasional,Medium
Fariha Khan,Pallmall Group,18,Sewing,54,None,Heavy,Poor,1,Healthy,Advanced,Night,Occasional,Medium
Fariha Khan,Pallmall Group,30,Machine_Maintenance,68,None,Heavy,Average,0,Healthy,Basic,Day,Rare,Medium
Abdul Latif,Pallmall Group,15,Packaging,35,None,Light,Average,1,Minor_Chronic,Advanced,Night,Occasional,Low
Nazia Sultana,Pallmall Group,13,Packaging,55,Medium,Heavy,Poor,1,Healthy,Basic,Evening,Rare,High
Abdul Latif,Pallmall Group,4,Dyeing,37,None,None,Average,0,Healthy,Advanced,Day,Rare,Low
Nazia Sultana,Pallmall Group,40,Packaging,44,None,Light,Average,0,Minor_Chronic,None,Day,Occasional,Low
Shahidul Islam,Pallmall Group,25,Sewing,56,None,Light,Good,1,Healthy,Advanced,Evening,Rare,Low
Fariha Khan,Pallmall Group,27,Machine_Maintenance,33,None,Light,Average,1,Serious_Chronic,Basic,Evening,Rare,Medium
Rahim Ahmed,Pallmall Group,1,Packaging,41,Low,None,Poor,3,Serious_Chronic,None,Day,Occasional,High
Taslima Akter,Pallmall Group,5,Packaging,49,Low,Heavy,Average,1,Healthy,None,Night,Frequent,High
Taslima Akter,Pallmall Group,8,Ironing,33,None,None,Average,0,Serious_Chronic,Basic,Evening,Occasional,Medium
Rahim Ahmed,Pallmall Group,32,Sewing,53,Low,Light,Average,0,Serious_Chronic,Basic,Night,Rare,Medium
Mariam Noor,Pallmall Group,40,Cutting,66,None,None,Average,1,Healthy,Basic,Evening,Rare,Low
Abdul Latif,Pallmall Group,24,Packaging,39,Low,Heavy,Average,1,Serious_Chronic,Basic,Day,Occasional,High
Rahim Ahmed,Pallmall Group,12,Sewing,62,None,None,Poor,0,Healthy,Basic,Evening,Occasional,Medium
Fariha Khan,Pallmall Group,8,Packaging,41,None,Light,Poor,0,Healthy,Basic,Night,Rare,Medium
Mariam Noor,Pallmall Group,12,Sewing,49,Medium,Light,Average,1,Healthy,Basic,Day,Occasional,Low
Rasel Hossain,Pallmall Group,30,Sewing,50,Medium,Light,Average,1,Healthy,Advanced,Night,Rare,Medium
Shamina Begum,Pallmall Group,40,Sewing,34,Low,Light,Good,1,Healthy,Basic,Day,Rare,Low
Rasel Hossain,Pallmall Group,10,Sewing,67,None,Light,Average,0,Healthy,None,Night,Rare,Medium
Taslima Akter,Pallmall Group,3,Ironing,52,None,Light,Good,2,Healthy,Basic,Night,Occasional,Low
Taslima Akter,Pallmall Group,33,Sewing,40,High,Heavy,Good,1,Healthy,Advanced,Evening,Rare,Medium
Rahim Ahmed,Pallmall Group,37,Supervisor,48,None,None,Good,1,Healthy,None,Day,Rare,Low
Fariha Khan,Pallmall Group,3,Dyeing,68,None,Light,Poor,0,Healthy,Basic,Evening,Rare,High
Abdul Latif,Pallmall Group,37,Sewing,37,None,Light,Good,0,Healthy,Basic,Night,Frequent,Low
Mariam Noor,Pallmall Group,18,Packaging,36,None,None,Poor,2,Minor_Chronic,Advanced,Day,Occasional,Low
Shahidul Islam,Pallmall Group,5,Machine_Maintenance,42,None,Light,Poor,1,Healthy,Basic,Evening,Rare,High
Fariha Khan,Pallmall Group,33,Packaging,29,None,Heavy,Average,1,Healthy,Advanced,Evening,Occasional,Low
Fariha Khan,Pallmall Group,17,Sewing,52,None,Heavy,Poor,1,Healthy,Basic,Day,Rare,High
Rahim Ahmed,Pallmall Group,12,Machine_Maintenance,40,Medium,Heavy,Poor,0,Healthy,Advanced,Day,Occasional,High
Shahidul Islam,Pallmall Group,40,Packaging,61,None,Light,Average,1,Healthy,Basic,Day,Occasional,Low
Rahim Ahmed,Pallmall Group,22,Sewing,61,None,Light,Poor,1,Serious_Chronic,Basic,Day,Occasional,High
Abdul Latif,Pallmall Group,18,Sewing,62,Low,Light,Average,1,Minor_Chronic,Basic,Night,Rare,Medium
Nazia Sultana,Pallmall Group,10,Ironing,65,Low,None,Poor,0,Healthy,Advanced,Night,Frequent,Medium
Taslima Akter,Pallmall Group,0,Sewing,30,None,Heavy,Average,3,Healthy,None,Day,Occasional,High
Fariha Khan,Pallmall Group,23,Packaging,33,Medium,Light,Good,1,Healthy,Basic,Night,Frequent,Low
Fariha Khan,Pallmall Group,6,Cutting,46,None,Heavy,Average,0,Healthy,Basic,Day,Occasional,Low
Rasel Hossain,Pallmall Group,24,Machine_Maintenance,30,Medium,Light,Average,0,Healthy,Basic,Day,Frequent,Low
Fariha Khan,Pallmall Group,20,Ironing,45,None,Heavy,Good,3,Healthy,Basic,Day,Occasional,High
Fariha Khan,Pallmall Group,14,Sewing,66,None,None,Poor,2,Healthy,Basic,Night,Rare,High
Abdul Latif,Pallmall Group,0,Sewing,36,Medium,Heavy,Average,0,Healthy,Basic,Night,Occasional,High
Abdul Latif,Pallmall Group,11,Dyeing,39,Low,Light,Good,1,Minor_Chronic,Basic,Evening,Occasional,Low
Fariha Khan,Pallmall Group,6,Packaging,32,None,Light,Good,1,Healthy,Advanced,Day,Frequent,Low
Mariam Noor,Pallmall Group,14,Packaging,30,None,Heavy,Average,1,Serious_Chronic,None,Day,Rare,High
Mushfiqur Rahman,Pallmall Group,20,Sewing,38,None,None,Poor,0,Healthy,Advanced,Evening,Occasional,Low
Rasel Hossain,Pallmall Group,18,Sewing,57,Low,Light,Good,1,Healthy,Basic,Day,Frequent,Medium
Shahidul Islam,Pallmall Group,28,Sewing,31,None,Light,Poor,1,Healthy,Basic,Day,Frequent,Low
Rahim Ahmed,Pallmall Group,24,Packaging,32,None,Light,Average,0,Minor_Chronic,Basic,Evening,Rare,Low
Abdul Latif,Pallmall Group,32,Sewing,28,None,Light,Average,1,Minor_Chronic,Basic,Day,Occasional,Low
Mushfiqur Rahman,Pallmall Group,31,Cutting,54,Low,Light,Average,1,Healthy,None,Day,Occasional,Low
Abdul Latif,Pallmall Group,34,Dyeing,55,Medium,Light,Average,0,Healthy,Basic,Day,Rare,Medium
Mushfiqur Rahman,Pallmall Group,37,Machine_Maintenance,56,Medium,Light,Good,1,Healthy,Advanced,Evening,Frequent,Medium
Rahim Ahmed,Pallmall Group,25,Cutting,45,None,Light,Average,0,Healthy,None,Night,Occasional,Low
Mariam Noor,Pallmall Group,10,Sewing,39,Medium,Light,Poor,0,Healthy,None,Day,Occasional,Medium
Shamina Begum,Pallmall Group,34,Dyeing,40,Low,Heavy,Average,0,Healthy,Basic,Day,Frequent,Low
Rahim Ahmed,Pallmall Group,7,Dyeing,68,Medium,Heavy,Average,2,Healthy,Advanced,Day,Rare,High
Nazia Sultana,Pallmall Group,13,Cutting,29,None,Light,Average,1,Healthy,Basic,Day,Frequent,Low
Rahim Ahmed,Pallmall Group,9,Machine_Maintenance,64,None,Light,Good,1,Healthy,Advanced,Evening,Occasional,Medium
Rasel Hossain,Pallmall Group,1,Packaging,43,Medium,Light,Good,1,Healthy,Basic,Day,Frequent,Medium
Abdul Latif,Pallmall Group,8,Sewing,51,None,Light,Average,2,Healthy,Advanced,Day,Occasional,Low
Fariha Khan,Pallmall Group,2,Sewing,62,Low,Light,Poor,0,Healthy,Basic,Evening,Rare,High
Fariha Khan,Pallmall Group,20,Ironing,49,Medium,Light,Average,0,Minor_Chronic,Basic,Day,Occasional,Low
Taslima Akter,Pallmall Group,25,Packaging,63,Medium,Light,Good,0,Healthy,Advanced,Night,Occasional,Medium
Abdul Latif,Pallmall Group,7,Sewing,38,High,Light,Average,0,Healthy,Basic,Day,Occasional,Low
Rasel Hossain,Pallmall Group,1,Packaging,56,Low,None,Good,1,Healthy,Basic,Day,Occasional,Low
Mariam Noor,Pallmall Group,5,Dyeing,62,None,Light,Average,0,Minor_Chronic,Basic,Day,Occasional,Medium
Mariam Noor,Pallmall Group,27,Sewing,42,None,Light,Average,0,Healthy,Basic,Day,Occasional,Low
Rahim Ahmed,Pallmall Group,28,Packaging,58,None,Light,Average,0,Serious_Chronic,Basic,Night,Occasional,Medium
Nazia Sultana,Pallmall Group,25,Machine_Maintenance,68,Low,Light,Average,0,Healthy,Basic,Evening,Occasional,Medium
Shamina Begum,Pallmall Group,24,Sewing,43,None,Heavy,Good,1,Healthy,Basic,Day,Occasional,Low
Abdul Latif,Pallmall Group,11,Cutting,37,None,Light,Poor,1,Healthy,Advanced,Evening,Frequent,Medium
Taslima Akter,Pallmall Group,4,Cutting,59,Low,Light,Poor,1,Healthy,Basic,Night,Rare,High
Shamina Begum,Pallmall Group,33,Machine_Maintenance,29,Medium,None,Average,1,Healthy,None,Day,Frequent,Medium
Mushfiqur Rahman,Pallmall Group,36,Supervisor,51,High,None,Poor,1,Healthy,Basic,Day,Occasional,Medium
Shamina Begum,Pallmall Group,14,Cutting,50,Medium,Light,Average,2,Healthy,None,Day,Occasional,Medium
Mushfiqur Rahman,Pallmall Group,35,Packaging,29,Medium,Light,Poor,2,Healthy,Basic,Night,Occasional,High
Mariam Noor,Pallmall Group,14,Ironing,65,Low,Heavy,Poor,0,Healthy,Basic,Day,Occasional,High
Shamina Begum,Pallmall Group,22,Ironing,58,High,Light,Average,1,Healthy,Basic,Day,Rare,Medium
Taslima Akter,Pallmall Group,5,Sewing,67,Low,Light,Average,1,Healthy,Advanced,Day,Rare,Medium
Shamina Begum,Pallmall Group,20,Sewing,53,Medium,Light,Poor,0,Healthy,Advanced,Evening,Rare,Medium
Mushfiqur Rahman,Pallmall Group,22,Sewing,56,High,Light,Poor,1,Healthy,None,Night,Occasional,High
Nazia Sultana,Pallmall Group,15,Ironing,30,Medium,Heavy,Poor,0,Healthy,Basic,Day,Rare,High
Rasel Hossain,Pallmall Group,14,Sewing,41,None,Light,Average,0,Healthy,Advanced,Day,Rare,Low
Mariam Noor,Pallmall Group,24,Machine_Maintenance,52,None,None,Poor,0,Healthy,Basic,Night,Rare,Medium
Mariam Noor,Pallmall Group,35,Sewing,28,None,Light,Average,1,Healthy,Advanced,Day,Rare,Low
Rasel Hossain,Pallmall Group,10,Sewing,30,None,Light,Average,1,Healthy,Advanced,Day,Frequent,Low
Mariam Noor,Pallmall Group,14,Ironing,53,None,Light,Average,1,Healthy,Basic,Evening,Occasional,Low
Rahim Ahmed,Pallmall Group,3,Packaging,45,None,None,Average,0,Minor_Chronic,Basic,Evening,Frequent,Low
Rasel Hossain,Pallmall Group,20,Sewing,36,None,Light,Average,0,Healthy,Advanced,Day,Occasional,Low
Rahim Ahmed,Pallmall Group,12,Cutting,65,Low,None,Good,0,Healthy,Advanced,Day,Frequent,Low
Rahim Ahmed,Pallmall Group,21,Supervisor,50,Low,Heavy,Average,0,Minor_Chronic,Basic,Evening,Occasional,Low
Shahidul Islam,Pallmall Group,18,Sewing,48,None,Light,Average,1,Healthy,Basic,Evening,Occasional,Low
Rahim Ahmed,Pallmall Group,33,Cutting,28,Low,Light,Average,0,Minor_Chronic,Advanced,Night,Occasional,Low
Rahim Ahmed,Pallmall Group,13,Packaging,48,Low,Light,Poor,0,Healthy,Basic,Night,Rare,Medium
Rahim Ahmed,Pallmall Group,3,Sewing,54,Low,Light,Average,1,Healthy,Basic,Day,Occasional,Low
Abdul Latif,Pallmall Group,26,Ironing,33,Medium,None,Good,0,Healthy,Basic,Night,Frequent,Low
Abdul Latif,Pallmall Group,28,Cutting,63,None,Heavy,Average,0,Minor_Chronic,Advanced,Day,Occasional,Low
Rasel Hossain,Pallmall Group,27,Cutting,55,None,Light,Average,1,Healthy,Advanced,Night,Occasional,Low
Taslima Akter,Pallmall Group,34,Sewing,44,None,None,Average,0,Healthy,Basic,Evening,Frequent,Low
Rahim Ahmed,Pallmall Group,7,Sewing,67,None,Heavy,Poor,0,Healthy,Basic,Evening,Frequent,Medium
Rahim Ahmed,Pallmall Group,15,Cutting,30,Low,Light,Poor,0,Healthy,Basic,Evening,Occasional,Low
Rahim Ahmed,Pallmall Group,35,Sewing,39,None,Heavy,Good,1,Healthy,Advanced,Day,Frequent,Medium
Shamina Begum,Pallmall Group,29,Packaging,66,None,None,Good,1,Healthy,Basic,Day,Rare,Low
Rasel Hossain,Pallmall Group,17,Cutting,39,None,Light,Average,0,Healthy,Advanced,Day,Rare,Low
Mariam Noor,Pallmall Group,1,Cutting,29,None,Light,Good,0,Healthy,Basic,Night,Rare,Medium
Fariha Khan,Pallmall Group,12,Machine_Maintenance,49,Low,Heavy,Average,2,Minor_Chronic,Advanced,Day,Occasional,High
Fariha Khan,Pallmall Group,3,Dyeing,50,Low,None,Poor,0,Healthy,Advanced,Day,Rare,Medium
Shahidul Islam,Pallmall Group,25,Sewing,57,None,Light,Average,0,Minor_Chronic,Basic,Night,Rare,Medium
Shahidul Islam,Pallmall Group,24,Machine_Maintenance,32,None,Heavy,Poor,1,Healthy,None,Day,Rare,High
Taslima Akter,Pallmall Group,29,Sewing,36,None,Light,Good,1,Healthy,Basic,Night,Rare,Low
Shahidul Islam,Pallmall Group,10,Sewing,48,None,Light,Good,0,Healthy,Advanced,Day,Occasional,Low
Fariha Khan,Pallmall Group,6,Packaging,38,Medium,None,Good,0,Healthy,Basic,Day,Rare,Low
Taslima Akter,Pallmall Group,30,Ironing,32,None,None,Average,1,Healthy,Advanced,Day,Occasional,Low
Fariha Khan,Pallmall Group,9,Cutting,62,Low,Light,Average,1,Minor_Chronic,Basic,Night,Rare,Medium
Taslima Akter,Pallmall Group,38,Sewing,54,Medium,Light,Poor,1,Healthy,Basic,Day,Rare,Medium
Mariam Noor,Pallmall Group,12,Ironing,29,None,Heavy,Average,0,Healthy,Basic,Day,Frequent,Low
Abdul Latif,Pallmall Group,30,Sewing,51,None,Light,Average,1,Healthy,None,Evening,Frequent,Low
Nazia Sultana,Pallmall Group,6,Machine_Maintenance,58,High,Light,Average,1,Healthy,Advanced,Night,Occasional,High
Taslima Akter,Pallmall Group,35,Sewing,60,Medium,Heavy,Good,0,Healthy,Basic,Day,Rare,High
Nazia Sultana,Pallmall Group,19,Machine_Maintenance,66,None,None,Good,2,Minor_Chronic,Basic,Evening,Frequent,Low
Taslima Akter,Pallmall Group,3,Ironing,57,Medium,Light,Poor,1,Healthy,Basic,Evening,Occasional,High
Rahim Ahmed,Pallmall Group,6,Packaging,64,Medium,Light,Poor,0,Healthy,None,Evening,Occasional,High
Mushfiqur Rahman,Pallmall Group,0,Packaging,55,None,None,Average,0,Healthy,Basic,Day,Occasional,Low
Rasel Hossain,Pallmall Group,12,Packaging,58,Medium,Heavy,Poor,0,Healthy,Basic,Day,Rare,High
Mushfiqur Rahman,Pallmall Group,21,Cutting,38,None,Light,Average,1,Minor_Chronic,Advanced,Day,Occasional,Low
Shahidul Islam,Pallmall Group,20,Sewing,50,Low,Light,Average,1,Healthy,Basic,Evening,Occasional,Low
Shamina Begum,Pallmall Group,21,Sewing,29,High,Light,Poor,0,Healthy,Basic,Day,Occasional,Low
Shamina Begum,Pallmall Group,27,Packaging,67,Medium,Light,Average,1,Serious_Chronic,Basic,Evening,Rare,High
Fariha Khan,Pallmall Group,8,Packaging,68,None,None,Average,2,Healthy,Advanced,Day,Frequent,Medium
Shamina Begum,Pallmall Group,25,Cutting,54,None,Light,Good,0,Healthy,Basic,Day,Rare,Low
Mushfiqur Rahman,Pallmall Group,8,Sewing,62,Low,Light,Poor,0,Healthy,Advanced,Evening,Occasional,Medium
Abdul Latif,Pallmall Group,14,Cutting,29,Low,Heavy,Good,2,Healthy,Basic,Night,Occasional,High
Mushfiqur Rahman,Pallmall Group,9,Dyeing,66,Low,Light,Average,0,Healthy,None,Evening,Occasional,Medium
Shahidul Islam,Pallmall Group,23,Ironing,64,High,Light,Average,0,Healthy,Basic,Day,Rare,Medium
Mariam Noor,Pallmall Group,7,Packaging,48,Medium,Light,Poor,1,Minor_Chronic,Basic,Day,Occasional,Medium
Shahidul Islam,Pallmall Group,23,Supervisor,32,None,Heavy,Average,1,Healthy,Advanced,Evening,Rare,Low
Nazia Sultana,Pallmall Group,15,Sewing,48,None,Light,Average,0,Healthy,Basic,Day,Occasional,Low
Shahidul Islam,Pallmall Group,25,Ironing,56,None,Light,Average,0,Healthy,Basic,Evening,Rare,Low
Nazia Sultana,Pallmall Group,26,Cutting,47,Low,Heavy,Average,0,Healthy,None,Day,Frequent,Medium
Rasel Hossain,Pallmall Group,36,Cutting,65,Low,Heavy,Average,1,Healthy,Basic,Night,Frequent,High
Nazia Sultana,Pallmall Group,3,Sewing,47,Low,Heavy,Good,1,Minor_Chronic,Basic,Night,Occasional,Medium
Nazia Sultana,Pallmall Group,23,Sewing,52,None,Heavy,Poor,0,Healthy,Basic,Day,Frequent,Low
Taslima Akter,Pallmall Group,18,Machine_Maintenance,29,None,Light,Good,0,Healthy,None,Evening,Rare,Medium
Rasel Hossain,Pallmall Group,35,Cutting,59,None,Heavy,Poor,1,Healthy,None,Day,Frequent,High
Mariam Noor,Pallmall Group,38,Ironing,53,Low,Light,Good,2,Serious_Chronic,Basic,Day,Rare,Medium
Shamina Begum,Pallmall Group,9,Machine_Maintenance,33,None,Heavy,Good,1,Healthy,Advanced,Day,Occasional,Medium
Shamina Begum,Pallmall Group,24,Packaging,68,None,None,Average,0,Healthy,Advanced,Evening,Rare,Low
Taslima Akter,Pallmall Group,17,Sewing,30,None,Light,Average,1,Healthy,None,Day,Frequent,Low
Shahidul Islam,Pallmall Group,18,Ironing,60,Low,Light,Average,2,Minor_Chronic,Basic,Night,Occasional,Medium
Mariam Noor,Pallmall Group,35,Cutting,28,None,Light,Poor,0,Minor_Chronic,Basic,Day,Occasional,Low
Rasel Hossain,Pallmall Group,9,Packaging,32,Medium,Light,Average,0,Minor_Chronic,Advanced,Day,Frequent,Low
Mariam Noor,Pallmall Group,32,Packaging,40,Low,Light,Average,0,Serious_Chronic,Basic,Day,Occasional,Low
Taslima Akter,Pallmall Group,4,Packaging,46,Low,Heavy,Good,0,Healthy,Basic,Evening,Occasional,Medium
Shamina Begum,Pallmall Group,34,Cutting,39,Low,Light,Good,2,Healthy,Basic,Day,Rare,Medium
Mariam Noor,Pallmall Group,33,Packaging,52,None,Light,Average,0,Healthy,Basic,Day,Frequent,Low
Rasel Hossain,Pallmall Group,32,Sewing,62,None,Heavy,Average,1,Healthy,Basic,Day,Frequent,Medium
Shamina Begum,Pallmall Group,20,Sewing,39,High,Light,Average,0,Healthy,None,Day,Frequent,Medium
Nazia Sultana,Pallmall Group,16,Cutting,57,Medium,None,Average,0,Minor_Chronic,Basic,Day,Rare,Medium
Fariha Khan,Pallmall Group,21,Sewing,32,High,Light,Average,0,Healthy,Basic,Day,Rare,Low
Nazia Sultana,Pallmall Group,36,Sewing,61,Low,Heavy,Average,2,Healthy,Basic,Day,Occasional,High
Mariam Noor,Pallmall Group,14,Packaging,49,None,Light,Good,1,Minor_Chronic,Basic,Day,Rare,Low
Mariam Noor,Pallmall Group,34,Machine_Maintenance,66,None,Light,Average,0,Healthy,Basic,Day,Rare,Medium
Abdul Latif,Pallmall Group,27,Cutting,40,Low,Light,Average,0,Healthy,Advanced,Evening,Occasional,Low
Mushfiqur Rahman,Pallmall Group,6,Sewing,30,None,Light,Average,1,Healthy,None,Day,Frequent,Low
Rasel Hossain,Pallmall Group,31,Sewing,47,None,None,Average,1,Healthy,Advanced,Day,Frequent,Low
Shamina Begum,Pallmall Group,10,Sewing,58,Medium,Heavy,Average,0,Serious_Chronic,None,Evening,Rare,High
Abdul Latif,Pallmall Group,9,Sewing,32,None,Heavy,Average,0,Healthy,None,Evening,Rare,Medium
Taslima Akter,Pallmall Group,8,Machine_Maintenance,51,None,Light,Poor,1,Minor_Chronic,Advanced,Night,Rare,High
Rahim Ahmed,Pallmall Group,13,Sewing,67,Medium,Light,Average,1,Healthy,Advanced,Day,Occasional,Medium
Shamina Begum,Pallmall Group,12,Cutting,60,Medium,Heavy,Average,1,Healthy,None,Night,Occasional,High
Rasel Hossain,Pallmall Group,24,Sewing,35,None,Light,Average,0,Healthy,Advanced,Evening,Occasional,Low
Mariam Noor,Pallmall Group,1,Packaging,51,Medium,Light,Average,0,Healthy,Basic,Night,Frequent,Medium
Shamina Begum,Pallmall Group,34,Packaging,47,Medium,None,Average,0,Healthy,Basic,Night,Occasional,Medium
Shamina Begum,Pallmall Group,6,Machine_Maintenance,43,None,Light,Average,0,Healthy,None,Day,Occasional,Medium
Shahidul Islam,Pallmall Group,20,Packaging,39,None,Heavy,Good,1,Healthy,Basic,Day,Occasional,Low
Shahidul Islam,Pallmall Group,17,Cutting,40,None,None,Average,0,Healthy,Basic,Evening,Occasional,Low
Shahidul Islam,Pallmall Group,2,Sewing,66,Low,Light,Good,0,Healthy,Basic,Day,Occasional,Low
Taslima Akter,Pallmall Group,38,Packaging,52,None,Light,Average,0,Healthy,Basic,Night,Frequent,Low
Mushfiqur Rahman,Pallmall Group,40,Cutting,59,High,Heavy,Average,0,Healthy,Basic,Day,Occasional,High
Abdul Latif,Pallmall Group,10,Ironing,51,Medium,Light,Average,0,Healthy,Advanced,Night,Frequent,Medium
Rasel Hossain,Pallmall Group,38,Sewing,36,Medium,Light,Poor,0,Minor_Chronic,Basic,Day,Rare,Medium
Shamina Begum,Pallmall Group,23,Sewing,67,High,Light,Poor,0,Minor_Chronic,None,Day,Rare,High
Mariam Noor,Pallmall Group,18,Ironing,50,Medium,Light,Average,1,Minor_Chronic,Basic,Night,Frequent,Medium
Mushfiqur Rahman,Pallmall Group,3,Ironing,40,None,None,Average,0,Healthy,None,Day,Occasional,Low
Mariam Noor,Pallmall Group,25,Packaging,59,None,None,Average,0,Healthy,Basic,Day,Occasional,Low
Taslima Akter,Pallmall Group,37,Sewing,42,Low,Light,Average,0,Healthy,Basic,Day,Occasional,Low
Shamina Begum,Pallmall Group,31,Ironing,63,None,Light,Average,0,Minor_Chronic,Basic,Night,Rare,Low
Abdul Latif,Pallmall Group,38,Sewing,32,None,Heavy,Average,0,Healthy,Advanced,Evening,Occasional,Low
Mushfiqur Rahman,Pallmall Group,35,Sewing,49,Low,Light,Average,1,Healthy,Basic,Night,Frequent,Low
Rahim Ahmed,Pallmall Group,39,Cutting,43,Medium,None,Poor,1,Minor_Chronic,Basic,Day,Frequent,Medium
Rasel Hossain,Pallmall Group,36,Sewing,68,None,Light,Average,2,Healthy,Basic,Day,Occasional,Medium
Shamina Begum,Pallmall Group,32,Sewing,37,Medium,Light,Average,0,Healthy,None,Day,Occasional,Low
Rasel Hossain,Pallmall Group,35,Cutting,51,None,None,Average,1,Healthy,Basic,Day,Frequent,Low
Mushfiqur Rahman,Pallmall Group,2,Sewing,45,Low,Heavy,Poor,0,Healthy,Basic,Day,Occasional,Medium
Abdul Latif,Pallmall Group,8,Sewing,45,None,Heavy,Poor,0,Healthy,Advanced,Evening,Rare,High
Fariha Khan,Pallmall Group,7,Sewing,34,Medium,Light,Average,0,Healthy,Advanced,Day,Rare,Medium
Abdul Latif,Pallmall Group,32,Sewing,31,None,Light,Average,0,Serious_Chronic,Basic,Day,Occasional,Low
Taslima Akter,Pallmall Group,5,Sewing,53,Low,None,Poor,2,Healthy,None,Day,Rare,High
Shahidul Islam,Pallmall Group,40,Dyeing,32,None,Light,Good,0,Healthy,Advanced,Day,Rare,Low
Mariam Noor,Pallmall Group,38,Sewing,43,None,Light,Poor,0,Healthy,None,Day,Frequent,Low
Nazia Sultana,Pallmall Group,3,Sewing,62,None,Light,Average,2,Healthy,Advanced,Day,Occasional,Medium
Rahim Ahmed,Pallmall Group,12,Cutting,53,None,Heavy,Poor,0,Serious_Chronic,Advanced,Day,Frequent,High
Fariha Khan,Pallmall Group,1,Dyeing,45,None,None,Average,1,Healthy,Advanced,Night,Occasional,Medium
Nazia Sultana,Pallmall Group,4,Machine_Maintenance,56,None,Light,Average,0,Minor_Chronic,Basic,Day,Occasional,Low
Mushfiqur Rahman,Pallmall Group,26,Packaging,50,Low,Heavy,Average,0,Healthy,Basic,Night,Rare,Medium
Mariam Noor,Pallmall Group,31,Packaging,41,Low,Light,Average,0,Healthy,Basic,Day,Frequent,Low
Fariha Khan,Pallmall Group,20,Ironing,42,None,None,Average,0,Minor_Chronic,Advanced,Evening,Rare,Low
Rasel Hossain,Pallmall Group,7,Packaging,60,Low,Light,Average,1,Healthy,None,Day,Occasional,High
Shahidul Islam,Pallmall Group,37,Ironing,52,None,Light,Poor,0,Healthy,Advanced,Evening,Rare,Low
Abdul Latif,Pallmall Group,7,Sewing,48,Low,Heavy,Average,0,Healthy,Basic,Day,Rare,Medium
Abdul Latif,Pallmall Group,2,Sewing,44,None,Heavy,Poor,1,Minor_Chronic,Basic,Day,Rare,High
Shamina Begum,Pallmall Group,2,Sewing,50,Low,Heavy,Average,0,Minor_Chronic,Advanced,Night,Occasional,High
Nazia Sultana,Pallmall Group,21,Machine_Maintenance,44,None,Heavy,Average,0,Minor_Chronic,Basic,Evening,Frequent,Medium
Shahidul Islam,Pallmall Group,5,Ironing,41,High,Light,Good,1,Healthy,Basic,Day,Occasional,Medium
Fariha Khan,Pallmall Group,1,Packaging,56,None,Heavy,Average,0,Healthy,None,Day,Occasional,High
Nazia Sultana,Pallmall Group,22,Cutting,47,None,Heavy,Average,0,Healthy,None,Day,Frequent,Medium
Mushfiqur Rahman,Pallmall Group,1,Cutting,57,None,Light,Average,0,Healthy,None,Evening,Occasional,Medium
Rasel Hossain,Pallmall Group,37,Sewing,46,Medium,Light,Poor,2,Healthy,Basic,Evening,Frequent,High
Shahidul Islam,Pallmall Group,16,Sewing,66,Low,Light,Poor,0,Healthy,Basic,Day,Occasional,Medium
Abdul Latif,Pallmall Group,34,Packaging,40,Low,Light,Average,1,Healthy,Advanced,Day,Frequent,Low
Fariha Khan,Pallmall Group,33,Dyeing,45,Medium,None,Average,1,Minor_Chronic,Advanced,Day,Occasional,Medium
Rasel Hossain,Pallmall Group,22,Cutting,50,Medium,Heavy,Poor,0,Minor_Chronic,Basic,Day,Rare,High
Taslima Akter,Pallmall Group,29,Packaging,60,Low,Heavy,Average,1,Serious_Chronic,None,Day,Rare,High
Mariam Noor,Pallmall Group,7,Sewing,66,None,None,Average,0,Healthy,Basic,Evening,Rare,Medium
Mushfiqur Rahman,Pallmall Group,21,Supervisor,67,Medium,Light,Average,1,Healthy,Advanced,Evening,Occasional,Medium
Rahim Ahmed,Pallmall Group,35,Cutting,45,None,Heavy,Average,1,Healthy,Basic,Day,Frequent,Low
Mushfiqur Rahman,Pallmall Group,4,Cutting,36,Low,Light,Average,0,Healthy,Advanced,Night,Occasional,Low
Rasel Hossain,Pallmall Group,12,Cutting,60,Low,Light,Poor,0,Healthy,None,Day,Frequent,High
Mushfiqur Rahman,Pallmall Group,28,Sewing,59,Medium,Heavy,Poor,0,Serious_Chronic,Advanced,Evening,Occasional,High
Nazia Sultana,Pallmall Group,30,Sewing,44,Low,Heavy,Average,1,Healthy,Basic,Night,Occasional,Medium
Fariha Khan,Pallmall Group,15,Dyeing,46,Low,Heavy,Average,0,Healthy,Advanced,Day,Rare,Medium
Shahidul Islam,Pallmall Group,29,Machine_Maintenance,54,High,Light,Average,1,Healthy,Basic,Day,Occasional,Medium
Rasel Hossain,Pallmall Group,15,Packaging,33,None,None,Poor,0,Healthy,Basic,Day,Occasional,Low
Rasel Hossain,Pallmall Group,11,Sewing,62,None,Heavy,Average,0,Healthy,Basic,Night,Frequent,Medium
Rahim Ahmed,Pallmall Group,16,Ironing,64,Low,None,Poor,0,Healthy,Advanced,Day,Occasional,Medium
Nazia Sultana,Pallmall Group,15,Sewing,61,High,Light,Average,0,Healthy,Basic,Evening,Occasional,Medium
Shamina Begum,Pallmall Group,11,Sewing,47,None,None,Average,0,Healthy,None,Day,Rare,Low
Taslima Akter,Pallmall Group,7,Dyeing,52,None,Light,Average,0,Healthy,Basic,Day,Occasional,Low
Taslima Akter,Pallmall Group,19,Ironing,31,None,Light,Good,0,Healthy,Basic,Day,Frequent,Low
Abdul Latif,Pallmall Group,2,Sewing,37,None,None,Average,0,Healthy,Basic,Day,Occasional,Low
Fariha Khan,Pallmall Group,15,Sewing,37,Medium,Heavy,Average,0,Healthy,Advanced,Night,Rare,Medium
Taslima Akter,Pallmall Group,29,Supervisor,51,Low,None,Average,0,Serious_Chronic,Basic,Night,Rare,Medium
Rasel Hossain,Pallmall Group,22,Sewing,48,Low,Heavy,Poor,0,Healthy,Basic,Day,Occasional,Medium
Abdul Latif,Pallmall Group,27,Cutting,38,Low,Heavy,Good,0,Healthy,Basic,Day,Occasional,Medium
Fariha Khan,Pallmall Group,39,Ironing,54,Medium,Light,Average,2,Minor_Chronic,Advanced,Day,Rare,Medium
Rahim Ahmed,Pallmall Group,4,Sewing,43,None,Light,Poor,0,Healthy,Advanced,Evening,Frequent,Low
Nazia Sultana,Pallmall Group,19,Sewing,53,None,Light,Average,0,Minor_Chronic,Basic,Day,Occasional,Low
Rahim Ahmed,Pallmall Group,39,Cutting,57,None,Heavy,Poor,2,Minor_Chronic,Basic,Evening,Rare,High
Nazia Sultana,Pallmall Group,0,Packaging,43,None,Light,Good,1,Healthy,Basic,Day,Occasional,Low
Mariam Noor,Pallmall Group,29,Ironing,34,None,Light,Good,0,Minor_Chronic,Basic,Evening,Occasional,Low
Rasel Hossain,Pallmall Group,20,Dyeing,43,None,Light,Average,0,Healthy,Basic,Night,Frequent,Medium
Rasel Hossain,Pallmall Group,19,Supervisor,62,None,Light,Poor,0,Healthy,Basic,Day,Rare,Medium
Nazia Sultana,Pallmall Group,5,Packaging,43,None,Heavy,Poor,0,Minor_Chronic,Basic,Night,Rare,High
Shamina Begum,Pallmall Group,21,Cutting,67,Medium,None,Poor,0,Minor_Chronic,Basic,Evening,Rare,High
Shahidul Islam,Pallmall Group,17,Cutting,39,None,Light,Poor,1,Healthy,Basic,Evening,Rare,Medium
Shamina Begum,Pallmall Group,7,Dyeing,62,High,Light,Average,0,Healthy,Advanced,Day,Frequent,High
Taslima Akter,Pallmall Group,38,Dyeing,48,None,Heavy,Good,1,Healthy,Basic,Day,Rare,Medium
Nazia Sultana,Pallmall Group,31,Ironing,63,Medium,None,Average,0,Healthy,Basic,Night,Frequent,Medium
Rahim Ahmed,Pallmall Group,32,Dyeing,44,Medium,Light,Average,0,Healthy,Basic,Evening,Occasional,Medium
Mushfiqur Rahman,Pallmall Group,15,Sewing,59,High,None,Average,0,Serious_Chronic,Basic,Evening,Occasional,High
Fariha Khan,Pallmall Group,11,Cutting,68,Medium,Light,Good,0,Healthy,Basic,Evening,Frequent,Medium
Shamina Begum,Pallmall Group,37,Sewing,33,None,Heavy,Poor,1,Healthy,Advanced,Day,Rare,High
Abdul Latif,Pallmall Group,33,Sewing,51,None,Heavy,Average,1,Healthy,None,Night,Rare,Medium
Abdul Latif,Pallmall Group,13,Sewing,54,None,Heavy,Average,2,Healthy,Basic,Day,Occasional,Medium
Fariha Khan,Pallmall Group,35,Dyeing,47,None,Light,Good,0,Healthy,Basic,Night,Rare,Low
Fariha Khan,Pallmall Group,32,Ironing,52,None,Heavy,Good,2,Healthy,Basic,Day,Frequent,Medium
Rasel Hossain,Pallmall Group,22,Sewing,29,Medium,Light,Average,0,Minor_Chronic,Basic,Day,Frequent,Low
Taslima Akter,Pallmall Group,1,Ironing,36,Low,Heavy,Poor,0,Healthy,Advanced,Day,Frequent,High
Abdul Latif,Pallmall Group,40,Ironing,55,Low,Light,Average,0,Healthy,Basic,Night,Frequent,Low
Nazia Sultana,Pallmall Group,20,Sewing,65,Medium,Light,Poor,0,Healthy,Advanced,Night,Occasional,High
Fariha Khan,Pallmall Group,1,Dyeing,30,Low,Light,Average,1,Healthy,Advanced,Night,Occasional,High
Abdul Latif,Pallmall Group,26,Packaging,47,Low,Light,Average,0,Healthy,Basic,Day,Rare,Low
Mushfiqur Rahman,Pallmall Group,8,Packaging,33,Medium,None,Average,0,Minor_Chronic,Basic,Day,Occasional,Low
Taslima Akter,Pallmall Group,0,Dyeing,66,None,Heavy,Good,0,Healthy,Basic,Evening,Rare,High
Rahim Ahmed,Pallmall Group,10,Ironing,60,None,Light,Average,0,Healthy,None,Day,Frequent,Low
Shamina Begum,Pallmall Group,2,Sewing,28,High,Heavy,Average,0,Minor_Chronic,None,Evening,Frequent,High
Fariha Khan,Pallmall Group,22,Sewing,64,Medium,None,Poor,1,Serious_Chronic,None,Evening,Rare,High
Shamina Begum,Pallmall Group,25,Sewing,33,Medium,Light,Good,1,Healthy,Basic,Day,Rare,Low
Shahidul Islam,Pallmall Group,3,Supervisor,61,None,Heavy,Poor,1,Healthy,None,Evening,Occasional,Medium
Abdul Latif,Pallmall Group,17,Sewing,42,Medium,Light,Poor,0,Healthy,Basic,Night,Occasional,Medium
Fariha Khan,Pallmall Group,5,Sewing,53,None,Light,Poor,0,Healthy,Basic,Night,Occasional,Low
Abdul Latif,Pallmall Group,34,Machine_Maintenance,41,None,Heavy,Average,0,Healthy,None,Evening,Occasional,High
Mushfiqur Rahman,Pallmall Group,21,Machine_Maintenance,34,None,Light,Poor,0,Serious_Chronic,Basic,Evening,Frequent,Medium
Fariha Khan,Pallmall Group,14,Packaging,58,None,Light,Good,1,Healthy,Advanced,Day,Rare,Low
Nazia Sultana,Pallmall Group,21,Sewing,51,None,Heavy,Good,0,Healthy,Basic,Day,Occasional,Low
Rahim Ahmed,Pallmall Group,36,Sewing,58,None,None,Good,1,Healthy,Basic,Day,Occasional,Low
Taslima Akter,Pallmall Group,11,Cutting,56,None,Heavy,Poor,0,Serious_Chronic,None,Day,Rare,High
Shahidul Islam,Pallmall Group,37,Sewing,59,None,None,Good,1,Healthy,Basic,Day,Occasional,Low
Taslima Akter,Pallmall Group,17,Sewing,44,Medium,Light,Good,1,Healthy,Basic,Day,Frequent,Low
Abdul Latif,Pallmall Group,34,Ironing,41,Low,None,Good,1,Minor_Chronic,Advanced,Night,Frequent,Medium
Rasel Hossain,Pallmall Group,29,Machine_Maintenance,67,None,Light,Average,0,Healthy,Basic,Evening,Occasional,Medium
Shahidul Islam,Pallmall Group,23,Cutting,63,None,None,Average,0,Healthy,Advanced,Day,Frequent,Low
Nazia Sultana,Pallmall Group,29,Dyeing,51,Low,Heavy,Poor,1,Healthy,Advanced,Day,Rare,High
Fariha Khan,Pallmall Group,13,Dyeing,54,Low,Light,Good,1,Serious_Chronic,Basic,Day,Frequent,High
Nazia Sultana,Pallmall Group,5,Sewing,52,None,None,Poor,1,Minor_Chronic,Basic,Day,Rare,Medium
Shahidul Islam,Pallmall Group,2,Dyeing,59,Low,Light,Average,0,Healthy,Advanced,Day,Occasional,Medium
Shahidul Islam,Pallmall Group,15,Sewing,45,High,Light,Good,0,Healthy,Basic,Night,Rare,Medium
Mushfiqur Rahman,Pallmall Group,6,Sewing,45,None,Light,Average,0,Healthy,None,Evening,Frequent,Low
Fariha Khan,Pallmall Group,13,Packaging,64,None,None,Poor,2,Healthy,Basic,Evening,Rare,High
Shahidul Islam,Pallmall Group,8,Sewing,53,None,Light,Good,0,Minor_Chronic,None,Day,Rare,Low
Abdul Latif,Pallmall Group,14,Supervisor,36,Low,None,Good,0,Healthy,Basic,Day,Occasional,Low
Shahidul Islam,Pallmall Group,20,Sewing,62,None,None,Poor,0,Minor_Chronic,Basic,Day,Rare,Medium
Shamina Begum,Pallmall Group,34,Dyeing,35,None,Light,Good,0,Healthy,Advanced,Evening,Rare,Low
Shahidul Islam,Pallmall Group,1,Cutting,47,None,Light,Average,0,Minor_Chronic,Basic,Evening,Occasional,Low
Rasel Hossain,Pallmall Group,26,Sewing,49,High,Light,Average,0,Serious_Chronic,Advanced,Day,Rare,Medium
Abdul Latif,Pallmall Group,1,Sewing,46,Low,None,Poor,0,Healthy,Basic,Night,Rare,High
Nazia Sultana,Pallmall Group,34,Dyeing,57,Low,Heavy,Poor,0,Healthy,Basic,Day,Rare,High
Shahidul Islam,Pallmall Group,17,Packaging,55,Medium,Heavy,Poor,1,Healthy,Advanced,Day,Rare,High
Shahidul Islam,Pallmall Group,13,Packaging,62,None,Light,Poor,1,Minor_Chronic,Advanced,Evening,Occasional,Medium
Mushfiqur Rahman,Pallmall Group,19,Ironing,38,Medium,None,Good,0,Healthy,Basic,Day,Occasional,Low
Fariha Khan,Pallmall Group,17,Packaging,58,Low,Heavy,Average,0,Minor_Chronic,Basic,Evening,Occasional,Medium
Shahidul Islam,Pallmall Group,9,Packaging,66,None,Light,Good,1,Healthy,Basic,Day,Rare,Low
Mushfiqur Rahman,Pallmall Group,24,Packaging,63,Medium,Light,Average,0,Healthy,Advanced,Day,Occasional,Medium
Shamina Begum,Pallmall Group,1,Ironing,57,Medium,Light,Poor,1,Healthy,Basic,Day,Occasional,High
Rasel Hossain,Pallmall Group,24,Dyeing,50,Medium,Heavy,Good,0,Serious_Chronic,Basic,Day,Occasional,High
Rahim Ahmed,Pallmall Group,32,Packaging,46,None,None,Good,0,Healthy,Basic,Day,Rare,Low
Rahim Ahmed,Pallmall Group,35,Cutting,39,High,Heavy,Average,0,Healthy,None,Evening,Rare,High
Mushfiqur Rahman,Pallmall Group,30,Packaging,42,High,Heavy,Poor,1,Serious_Chronic,Advanced,Day,Rare,High
Taslima Akter,Pallmall Group,13,Dyeing,58,None,Light,Average,0,Minor_Chronic,None,Day,Rare,Medium
Taslima Akter,Pallmall Group,0,Sewing,64,None,Heavy,Average,0,Minor_Chronic,Basic,Evening,Rare,Medium
Rasel Hossain,Pallmall Group,15,Sewing,64,None,None,Good,1,Healthy,Advanced,Night,Occasional,Medium
Taslima Akter,Pallmall Group,2,Cutting,42,High,Light,Poor,1,Healthy,Advanced,Evening,Occasional,High
Shamina Begum,Pallmall Group,34,Ironing,56,Low,Light,Poor,2,Healthy,Basic,Night,Frequent,Medium
Taslima Akter,Pallmall Group,40,Packaging,53,None,Light,Average,0,Minor_Chronic,Advanced,Evening,Occasional,Low
Shahidul Islam,Pallmall Group,5,Sewing,29,None,Light,Average,1,Healthy,Basic,Day,Occasional,Low
Nazia Sultana,Pallmall Group,24,Packaging,47,None,Light,Poor,1,Healthy,Advanced,Evening,Occasional,Low
Shamina Begum,Pallmall Group,12,Packaging,42,Low,None,Average,1,Minor_Chronic,Advanced,Day,Rare,Low
Nazia Sultana,Pallmall Group,33,Sewing,31,None,Light,Average,0,Healthy,Basic,Day,Occasional,Low
Nazia Sultana,Pallmall Group,7,Packaging,49,High,Light,Average,1,Healthy,None,Day,Occasional,Medium
Fariha Khan,Pallmall Group,20,Supervisor,65,Low,Light,Average,3,Healthy,Basic,Day,Occasional,Medium
Shahidul Islam,Pallmall Group,33,Packaging,50,Medium,None,Average,0,Healthy,Basic,Evening,Frequent,Low
Mushfiqur Rahman,Pallmall Group,3,Packaging,53,None,Light,Good,0,Healthy,Basic,Evening,Rare,Low
Shahidul Islam,Pallmall Group,24,Supervisor,38,None,Light,Good,0,Minor_Chronic,Basic,Day,Rare,Low
Mariam Noor,Pallmall Group,14,Dyeing,55,None,None,Poor,0,Minor_Chronic,Basic,Night,Occasional,Medium
Abdul Latif,Pallmall Group,3,Cutting,29,None,Light,Poor,0,Healthy,Advanced,Evening,Occasional,Low
Shahidul Islam,Pallmall Group,11,Packaging,35,None,Light,Good,1,Healthy,Basic,Day,Rare,Low
Taslima Akter,Pallmall Group,31,Dyeing,56,High,Light,Average,0,Healthy,Basic,Night,Occasional,High
Taslima Akter,Pallmall Group,31,Dyeing,38,None,Light,Average,1,Serious_Chronic,Basic,Day,Rare,Medium
Fariha Khan,Pallmall Group,27,Sewing,64,None,Heavy,Average,0,Healthy,Basic,Evening,Occasional,Medium
Rasel Hossain,Pallmall Group,12,Packaging,45,None,Heavy,Average,0,Serious_Chronic,Basic,Day,Rare,Medium
Nazia Sultana,Pallmall Group,30,Sewing,41,None,Light,Average,1,Minor_Chronic,Advanced,Evening,Occasional,Low
Shahidul Islam,Pallmall Group,13,Machine_Maintenance,37,High,Heavy,Average,1,Healthy,None,Night,Occasional,High
Mushfiqur Rahman,Pallmall Group,19,Cutting,62,None,None,Average,1,Healthy,Basic,Day,Frequent,Low
Rasel Hossain,Pallmall Group,17,Sewing,36,None,Light,Poor,0,Healthy,None,Day,Frequent,Low
Mariam Noor,Pallmall Group,28,Cutting,62,Low,Heavy,Good,0,Healthy,Basic,Day,Occasional,Medium
Mariam Noor,Pallmall Group,5,Sewing,38,None,Light,Average,1,Healthy,None,Day,Occasional,Medium
Rasel Hossain,Pallmall Group,31,Packaging,39,None,None,Average,1,Healthy,Basic,Evening,Occasional,Low
Nazia Sultana,Pallmall Group,28,Machine_Maintenance,30,None,None,Good,0,Healthy,Basic,Day,Rare,Low
Nazia Sultana,Pallmall Group,1,Packaging,66,None,Light,Average,0,Healthy,Advanced,Day,Rare,Medium
Nazia Sultana,Pallmall Group,22,Sewing,41,None,Light,Average,0,Healthy,Basic,Evening,Rare,Low
Rasel Hossain,Pallmall Group,18,Sewing,55,None,Light,Good,0,Healthy,Basic,Day,Occasional,Low
Rasel Hossain,Pallmall Group,30,Packaging,38,Medium,Light,Average,2,Healthy,Advanced,Night,Occasional,Medium
Fariha Khan,Pallmall Group,4,Machine_Maintenance,66,None,Light,Average,1,Minor_Chronic,Basic,Day,Rare,Medium
Nazia Sultana,Pallmall Group,18,Ironing,52,Medium,Heavy,Good,1,Healthy,Basic,Day,Occasional,Medium
Abdul Latif,Pallmall Group,33,Ironing,48,Medium,None,Poor,0,Healthy,Advanced,Day,Occasional,Low
Taslima Akter,Pallmall Group,9,Cutting,37,Low,Heavy,Poor,0,Healthy,Advanced,Night,Occasional,High
Mariam Noor,Pallmall Group,24,Machine_Maintenance,42,None,Light,Good,0,Healthy,Basic,Day,Occasional,Low
Rasel Hossain,Pallmall Group,1,Dyeing,46,None,Heavy,Good,0,Healthy,Basic,Day,Rare,High
Nazia Sultana,Pallmall Group,10,Sewing,49,Low,Heavy,Good,0,Healthy,Basic,Day,Rare,Medium
Shamina Begum,Pallmall Group,30,Sewing,48,Low,Light,Poor,0,Serious_Chronic,Basic,Evening,Frequent,Medium
Abdul Latif,Pallmall Group,14,Machine_Maintenance,59,Low,Light,Poor,1,Healthy,Advanced,Day,Rare,High
Shahidul Islam,Pallmall Group,8,Sewing,50,None,Light,Poor,0,Healthy,Basic,Evening,Occasional,Low
Fariha Khan,Pallmall Group,22,Cutting,40,Medium,Heavy,Average,1,Minor_Chronic,Advanced,Day,Occasional,Medium
Mariam Noor,Pallmall Group,18,Ironing,32,None,Light,Average,1,Healthy,Basic,Day,Frequent,Low
Mushfiqur Rahman,Pallmall Group,8,Sewing,31,None,None,Average,0,Healthy,Basic,Day,Occasional,Low
Shahidul Islam,Pallmall Group,34,Sewing,55,None,None,Poor,0,Minor_Chronic,Advanced,Day,Occasional,Low
Nazia Sultana,Pallmall Group,20,Packaging,41,None,Heavy,Average,0,Healthy,Basic,Night,Rare,Low
Mushfiqur Rahman,Pallmall Group,8,Machine_Maintenance,35,None,None,Average,0,Healthy,None,Day,Frequent,Medium
Mushfiqur Rahman,Pallmall Group,27,Packaging,36,Medium,None,Poor,0,Minor_Chronic,Advanced,Evening,Occasional,Low
Nazia Sultana,Pallmall Group,6,Machine_Maintenance,62,Medium,Light,Good,0,Minor_Chronic,Basic,Day,Rare,Medium
Shamina Begum,Pallmall Group,15,Ironing,64,Medium,Heavy,Poor,0,Serious_Chronic,Basic,Night,Occasional,High
Nazia Sultana,Pallmall Group,15,Packaging,48,None,Light,Average,1,Minor_Chronic,Advanced,Day,Occasional,Low
Nazia Sultana,Pallmall Group,32,Cutting,45,Low,Light,Good,1,Healthy,Advanced,Night,Rare,Medium
Mariam Noor,Pallmall Group,3,Dyeing,60,None,Light,Average,1,Minor_Chronic,Advanced,Day,Occasional,Medium
Mushfiqur Rahman,Pallmall Group,3,Supervisor,35,None,None,Poor,1,Minor_Chronic,Basic,Evening,Occasional,Low
Fariha Khan,Pallmall Group,38,Sewing,44,None,Heavy,Average,1,Serious_Chronic,Basic,Day,Occasional,Medium
Taslima Akter,Pallmall Group,39,Cutting,58,None,Light,Good,0,Minor_Chronic,Basic,Day,Occasional,Low
Mushfiqur Rahman,Pallmall Group,16,Ironing,61,None,Light,Average,0,Healthy,Basic,Day,Occasional,Low
Shamina Begum,Pallmall Group,36,Sewing,33,None,Heavy,Average,0,Healthy,Advanced,Night,Occasional,Low
Rasel Hossain,Pallmall Group,38,Sewing,49,Low,Heavy,Good,0,Healthy,Basic,Day,Occasional,Medium
Rasel Hossain,Pallmall Group,28,Packaging,41,Medium,Light,Good,0,Healthy,None,Evening,Occasional,Low
Shamina Begum,Pallmall Group,35,Supervisor,30,None,None,Average,0,Healthy,None,Day,Rare,Low
Shahidul Islam,Pallmall Group,37,Cutting,39,High,Heavy,Good,0,Serious_Chronic,Advanced,Night,Rare,High
Nazia Sultana,Pallmall Group,38,Sewing,63,Medium,Light,Good,2,Healthy,Advanced,Evening,Frequent,Medium
Nazia Sultana,Pallmall Group,36,Sewing,39,Low,Heavy,Average,1,Healthy,Basic,Day,Frequent,Medium
Mariam Noor,Pallmall Group,34,Machine_Maintenance,29,Low,Heavy,Poor,0,Healthy,Basic,Day,Rare,High
Nazia Sultana,Pallmall Group,6,Ironing,29,None,None,Poor,0,Healthy,Basic,Day,Occasional,Low
Nazia Sultana,Pallmall Group,26,Cutting,42,Medium,Heavy,Poor,0,Healthy,Advanced,Day,Frequent,Medium
Mushfiqur Rahman,Pallmall Group,27,Ironing,50,Low,Light,Good,1,Healthy,Basic,Day,Rare,Low
Nazia Sultana,Pallmall Group,21,Cutting,56,High,Light,Average,1,Minor_Chronic,Basic,Night,Occasional,Medium
Mushfiqur Rahman,Pallmall Group,13,Ironing,44,Low,None,Good,0,Healthy,Basic,Night,Rare,Low
Mushfiqur Rahman,Pallmall Group,6,Packaging,59,Medium,Heavy,Average,0,Healthy,Basic,Day,Occasional,High
Fariha Khan,Pallmall Group,36,Dyeing,34,Medium,Light,Average,1,Healthy,Basic,Day,Frequent,Medium
Mariam Noor,Pallmall Group,21,Packaging,57,None,Light,Average,0,Healthy,Advanced,Day,Frequent,Low
Taslima Akter,Pallmall Group,4,Cutting,55,None,Heavy,Poor,0,Healthy,Advanced,Day,Occasional,Medium
Shahidul Islam,Pallmall Group,1,Packaging,41,None,Light,Good,1,Healthy,Advanced,Day,Occasional,Low
Rahim Ahmed,Pallmall Group,26,Dyeing,57,None,Light,Average,1,Healthy,Advanced,Evening,Occasional,Medium
Rasel Hossain,Pallmall Group,20,Sewing,44,None,Heavy,Average,0,Healthy,Basic,Night,Rare,Medium
Mushfiqur Rahman,Pallmall Group,37,Dyeing,59,Medium,Heavy,Poor,2,Healthy,Basic,Day,Rare,High
Taslima Akter,Pallmall Group,14,Sewing,33,Low,Heavy,Good,0,Serious_Chronic,Advanced,Day,Frequent,High
Rasel Hossain,Pallmall Group,20,Packaging,51,High,Heavy,Good,0,Minor_Chronic,Basic,Day,Rare,Medium
Rahim Ahmed,Pallmall Group,9,Cutting,33,Medium,Light,Average,1,Healthy,Basic,Night,Occasional,Medium
Rasel Hossain,Pallmall Group,22,Supervisor,54,Low,Light,Average,1,Healthy,Basic,Day,Occasional,Low
Rahim Ahmed,Pallmall Group,38,Sewing,45,High,Light,Average,0,Healthy,Basic,Evening,Frequent,Low
Abdul Latif,Pallmall Group,4,Packaging,51,Low,Light,Poor,2,Healthy,Basic,Night,Occasional,Medium
Rahim Ahmed,Pallmall Group,0,Packaging,64,Medium,Light,Poor,2,Healthy,None,Day,Occasional,High
Rasel Hossain,Pallmall Group,12,Packaging,51,None,Heavy,Average,1,Healthy,None,Evening,Occasional,Medium
Fariha Khan,Pallmall Group,20,Cutting,65,None,None,Poor,2,Healthy,Basic,Day,Occasional,High
Shamina Begum,Pallmall Group,25,Ironing,61,None,None,Average,0,Serious_Chronic,Advanced,Night,Occasional,Medium
Rahim Ahmed,Pallmall Group,20,Packaging,67,Low,Light,Average,0,Serious_Chronic,Basic,Day,Frequent,Medium
Abdul Latif,Pallmall Group,17,Sewing,42,Low,None,Average,1,Healthy,Basic,Night,Occasional,Medium
Shahidul Islam,Pallmall Group,36,Sewing,38,None,Light,Poor,0,Healthy,Basic,Night,Occasional,Low
Mariam Noor,Pallmall Group,31,Ironing,49,None,None,Average,0,Healthy,Advanced,Evening,Frequent,Low
Rasel Hossain,Pallmall Group,35,Ironing,51,Medium,None,Average,0,Healthy,Basic,Day,Occasional,Low
Mariam Noor,Pallmall Group,16,Sewing,28,Low,None,Average,0,Healthy,None,Evening,Rare,Low
Shamina Begum,Pallmall Group,34,Sewing,45,None,Heavy,Average,0,Serious_Chronic,Advanced,Day,Rare,Medium
Shamina Begum,Pallmall Group,10,Sewing,39,Low,Heavy,Good,0,Minor_Chronic,Basic,Day,Frequent,Medium
Fariha Khan,Pallmall Group,20,Packaging,55,Medium,None,Poor,1,Healthy,Basic,Day,Occasional,Medium
Nazia Sultana,Pallmall Group,25,Dyeing,67,High,Heavy,Good,1,Minor_Chronic,Basic,Evening,Occasional,High
Rasel Hossain,Pallmall Group,3,Packaging,34,None,Light,Average,1,Healthy,Basic,Night,Rare,Low
Mushfiqur Rahman,Pallmall Group,33,Supervisor,50,None,Light,Average,1,Healthy,Advanced,Night,Occasional,Low
Shamina Begum,Pallmall Group,17,Ironing,48,None,Light,Average,0,Healthy,None,Evening,Occasional,Low
Abdul Latif,Pallmall Group,39,Sewing,61,None,None,Average,0,Healthy,Basic,Evening,Occasional,Low
Nazia Sultana,Pallmall Group,34,Sewing,38,Medium,Heavy,Average,0,Minor_Chronic,Basic,Night,Rare,Medium
Fariha Khan,Pallmall Group,40,Sewing,49,None,None,Average,1,Minor_Chronic,Basic,Night,Rare,Low
Shamina Begum,Pallmall Group,28,Machine_Maintenance,62,High,Heavy,Average,1,Healthy,None,Day,Frequent,High
Abdul Latif,Pallmall Group,28,Ironing,56,None,None,Good,1,Minor_Chronic,None,Day,Frequent,Low
Mushfiqur Rahman,Pallmall Group,37,Sewing,55,High,Light,Poor,0,Serious_Chronic,Basic,Day,Occasional,Medium
Abdul Latif,Pallmall Group,20,Cutting,45,None,Heavy,Poor,0,Healthy,Basic,Evening,Occasional,Medium
Rahim Ahmed,Pallmall Group,12,Dyeing,41,Medium,None,Poor,1,Healthy,Advanced,Evening,Occasional,High
Taslima Akter,Pallmall Group,40,Dyeing,45,High,Light,Poor,0,Minor_Chronic,Basic,Night,Frequent,High
Mariam Noor,Pallmall Group,16,Sewing,55,High,Light,Average,0,Serious_Chronic,Basic,Night,Occasional,Medium
Shahidul Islam,Pallmall Group,8,Supervisor,51,None,Light,Average,0,Healthy,Basic,Day,Frequent,Low
Shamina Begum,Pallmall Group,40,Ironing,35,None,Light,Poor,1,Healthy,Advanced,Day,Rare,Medium
Abdul Latif,Pallmall Group,0,Sewing,35,Low,None,Poor,1,Healthy,Basic,Day,Occasional,Medium
Fariha Khan,Pallmall Group,1,Machine_Maintenance,31,None,Light,Average,1,Minor_Chronic,Basic,Day,Occasional,Low
Fariha Khan,Pallmall Group,28,Sewing,54,None,Light,Average,0,Serious_Chronic,Basic,Day,Occasional,Low
Abdul Latif,Pallmall Group,32,Machine_Maintenance,63,None,Light,Good,1,Healthy,Basic,Night,Occasional,Medium
Shahidul Islam,Pallmall Group,9,Supervisor,32,Low,Light,Good,0,Healthy,Basic,Day,Occasional,Low
Mariam Noor,Pallmall Group,39,Packaging,60,Low,Light,Good,1,Minor_Chronic,None,Evening,Occasional,Medium
Rahim Ahmed,Pallmall Group,20,Packaging,61,None,Light,Average,0,Healthy,None,Day,Occasional,Low
Rasel Hossain,Pallmall Group,27,Cutting,57,None,Light,Average,0,Minor_Chronic,Advanced,Day,Rare,Low
Abdul Latif,Pallmall Group,10,Machine_Maintenance,35,None,Light,Poor,0,Healthy,None,Night,Occasional,Medium
Shahidul Islam,Pallmall Group,33,Ironing,66,Low,Light,Average,0,Healthy,Basic,Evening,Rare,Low
Abdul Latif,Pallmall Group,7,Packaging,53,None,Light,Poor,0,Healthy,Basic,Day,Frequent,Medium
Shamina Begum,Pallmall Group,21,Machine_Maintenance,64,None,None,Good,0,Healthy,Basic,Night,Rare,High
Mariam Noor,Pallmall Group,7,Supervisor,61,Medium,Light,Average,1,Serious_Chronic,Basic,Day,Occasional,Medium
Mushfiqur Rahman,Pallmall Group,14,Packaging,34,High,Light,Average,1,Serious_Chronic,None,Evening,Occasional,High
Rahim Ahmed,Pallmall Group,16,Cutting,67,High,Light,Poor,3,Minor_Chronic,None,Day,Rare,High
Shamina Begum,Pallmall Group,22,Supervisor,55,Medium,Light,Average,0,Healthy,Basic,Evening,Occasional,Low
Rasel Hossain,Pallmall Group,23,Dyeing,66,None,Light,Average,1,Healthy,Basic,Day,Frequent,Low
Mushfiqur Rahman,Pallmall Group,18,Machine_Maintenance,66,Low,Light,Average,0,Healthy,Advanced,Evening,Rare,Medium
Shamina Begum,Pallmall Group,4,Packaging,55,None,Light,Average,0,Minor_Chronic,None,Evening,Rare,Low
Mushfiqur Rahman,Pallmall Group,31,Cutting,41,Low,Light,Poor,0,Healthy,Advanced,Day,Occasional,Low
Mariam Noor,Pallmall Group,0,Cutting,65,None,Heavy,Average,0,Serious_Chronic,Advanced,Night,Rare,High
Rahim Ahmed,Pallmall Group,22,Ironing,31,Low,Light,Average,2,Serious_Chronic,None,Day,Frequent,High
Fariha Khan,Pallmall Group,36,Packaging,45,Low,Heavy,Good,0,Healthy,Advanced,Night,Occasional,Medium
Mariam Noor,Pallmall Group,7,Cutting,52,None,Heavy,Average,1,Minor_Chronic,Basic,Day,Occasional,Medium
Rasel Hossain,Pallmall Group,12,Dyeing,34,Medium,Light,Average,0,Serious_Chronic,Basic,Evening,Rare,High
Abdul Latif,Pallmall Group,7,Cutting,65,None,None,Good,0,Minor_Chronic,Basic,Evening,Rare,Low
Shahidul Islam,Pallmall Group,22,Packaging,55,None,Light,Average,0,Healthy,Basic,Day,Rare,Low
Rahim Ahmed,Pallmall Group,0,Ironing,32,None,Light,Average,0,Minor_Chronic,Basic,Day,Occasional,Low
Rasel Hossain,Pallmall Group,23,Sewing,30,None,Light,Average,1,Healthy,Basic,Day,Occasional,Low
Taslima Akter,Pallmall Group,34,Sewing,58,None,Heavy,Good,0,Healthy,Basic,Night,Rare,High
Abdul Latif,Pallmall Group,23,Sewing,47,Medium,Heavy,Average,2,Healthy,Basic,Night,Frequent,High
Rahim Ahmed,Pallmall Group,16,Ironing,46,None,Light,Average,3,Healthy,Basic,Day,Occasional,Low
Abdul Latif,Pallmall Group,4,Sewing,38,None,Light,Average,1,Minor_Chronic,Advanced,Day,Rare,Low
Rasel Hossain,Pallmall Group,19,Sewing,67,None,Light,Poor,1,Healthy,Advanced,Evening,Rare,High
Mushfiqur Rahman,Pallmall Group,20,Machine_Maintenance,30,Low,Heavy,Good,0,Healthy,Advanced,Day,Rare,Medium
Shamina Begum,Pallmall Group,39,Machine_Maintenance,50,Medium,Heavy,Average,0,Healthy,Advanced,Night,Rare,High
Shamina Begum,Pallmall Group,30,Ironing,34,Low,Heavy,Average,2,Serious_Chronic,Basic,Day,Occasional,High
Shamina Begum,Pallmall Group,35,Supervisor,50,Low,None,Average,0,Minor_Chronic,Basic,Day,Frequent,Low
Fariha Khan,Pallmall Group,10,Sewing,34,Medium,Light,Poor,1,Healthy,Basic,Evening,Frequent,Medium
Rahim Ahmed,Pallmall Group,14,Dyeing,61,Medium,Light,Good,1,Serious_Chronic,Advanced,Day,Frequent,High
Mushfiqur Rahman,Pallmall Group,18,Dyeing,46,Low,None,Good,0,Healthy,None,Evening,Rare,Medium
Fariha Khan,Pallmall Group,6,Ironing,36,None,Heavy,Average,1,Healthy,Basic,Day,Rare,Medium
Taslima Akter,Pallmall Group,27,Cutting,45,Low,Heavy,Good,0,Healthy,Basic,Day,Frequent,Low
Nazia Sultana,Pallmall Group,4,Ironing,68,Low,Light,Poor,0,Minor_Chronic,Basic,Evening,Occasional,Medium
Shahidul Islam,Pallmall Group,4,Cutting,52,Low,None,Good,0,Minor_Chronic,Basic,Day,Rare,Low
Abdul Latif,Pallmall Group,29,Packaging,41,Medium,Light,Average,1,Healthy,Basic,Day,Rare,Low
Rasel Hossain,Pallmall Group,31,Sewing,52,Low,Heavy,Average,0,Healthy,None,Night,Occasional,High
Nazia Sultana,Pallmall Group,7,Sewing,46,Medium,Light,Poor,0,Healthy,Basic,Night,Occasional,Medium
Mariam Noor,Pallmall Group,9,Sewing,66,None,None,Average,0,Healthy,Advanced,Night,Frequent,Low
Abdul Latif,Pallmall Group,37,Sewing,42,None,None,Poor,1,Healthy,Advanced,Night,Rare,Medium
Nazia Sultana,Pallmall Group,31,Ironing,43,None,Light,Good,1,Healthy,None,Day,Rare,Low
Abdul Latif,Pallmall Group,27,Sewing,54,Medium,Heavy,Good,0,Healthy,Advanced,Day,Occasional,Medium
Nazia Sultana,Pallmall Group,16,Packaging,67,Medium,Light,Poor,3,Healthy,Advanced,Day,Rare,High
Shamina Begum,Pallmall Group,30,Sewing,37,Low,Light,Poor,0,Healthy,None,Night,Occasional,Medium
Mariam Noor,Pallmall Group,7,Sewing,31,Low,None,Good,1,Minor_Chronic,Advanced,Evening,Occasional,Low
Nazia Sultana,Pallmall Group,39,Packaging,46,Low,Light,Average,2,Healthy,Advanced,Evening,Rare,Low
Taslima Akter,Pallmall Group,24,Sewing,55,High,Light,Poor,1,Serious_Chronic,Basic,Night,Occasional,High
Fariha Khan,Pallmall Group,8,Dyeing,48,Medium,Light,Average,1,Healthy,None,Evening,Rare,High
Shahidul Islam,Pallmall Group,1,Packaging,41,Low,Light,Average,0,Healthy,Basic,Day,Occasional,Low
Mushfiqur Rahman,Pallmall Group,14,Sewing,60,Low,Heavy,Poor,0,Healthy,Advanced,Day,Occasional,High
Nazia Sultana,Pallmall Group,2,Sewing,37,None,None,Average,0,Healthy,Basic,Day,Rare,Low
Mushfiqur Rahman,Pallmall Group,35,Cutting,46,Low,Light,Average,2,Healthy,Basic,Day,Occasional,Medium
Mushfiqur Rahman,Pallmall Group,3,Sewing,57,None,Light,Poor,0,Minor_Chronic,Basic,Day,Occasional,Medium
Shahidul Islam,Pallmall Group,13,Sewing,49,None,Light,Good,2,Healthy,Basic,Evening,Rare,Medium
Fariha Khan,Pallmall Group,40,Sewing,30,Medium,Light,Average,1,Healthy,Basic,Day,Rare,Medium
Mariam Noor,Pallmall Group,40,Sewing,64,Low,Heavy,Poor,0,Healthy,Basic,Evening,Rare,High
Taslima Akter,Pallmall Group,24,Ironing,68,High,Light,Poor,3,Minor_Chronic,Advanced,Day,Occasional,High
Mushfiqur Rahman,Pallmall Group,9,Packaging,45,None,None,Poor,1,Healthy,Advanced,Night,Rare,Medium
Taslima Akter,Pallmall Group,20,Dyeing,38,None,Light,Average,1,Minor_Chronic,Basic,Evening,Occasional,Low
Abdul Latif,Pallmall Group,35,Sewing,29,None,Light,Poor,0,Healthy,Basic,Night,Frequent,Low
Shahidul Islam,Pallmall Group,11,Sewing,39,None,Light,Average,0,Healthy,Basic,Day,Occasional,Low
Rasel Hossain,Pallmall Group,26,Machine_Maintenance,33,None,Light,Poor,3,Healthy,Advanced,Day,Rare,High
Nazia Sultana,Pallmall Group,39,Ironing,67,None,None,Average,1,Minor_Chronic,Basic,Day,Rare,Low
Shamina Begum,Pallmall Group,1,Packaging,56,None,Light,Average,1,Minor_Chronic,Basic,Day,Rare,Medium
Rasel Hossain,Pallmall Group,12,Cutting,57,None,Light,Average,1,Healthy,Advanced,Day,Rare,Medium
Mariam Noor,Pallmall Group,31,Dyeing,29,None,Light,Average,2,Healthy,Advanced,Day,Occasional,Medium
Rahim Ahmed,Pallmall Group,30,Ironing,36,Low,Light,Good,0,Healthy,None,Day,Rare,Low
Taslima Akter,Pallmall Group,15,Cutting,29,None,Light,Average,1,Healthy,Basic,Night,Occasional,Medium
Shamina Begum,Pallmall Group,31,Ironing,56,Low,Light,Average,0,Healthy,Basic,Day,Rare,Low
Rasel Hossain,Pallmall Group,31,Ironing,60,Medium,Heavy,Average,1,Minor_Chronic,Advanced,Night,Rare,High
Taslima Akter,Pallmall Group,33,Sewing,37,None,Light,Good,0,Minor_Chronic,None,Day,Rare,Low
Abdul Latif,Pallmall Group,10,Cutting,61,High,Light,Poor,0,Healthy,Basic,Day,Rare,High
Mushfiqur Rahman,Pallmall Group,9,Packaging,35,Low,Light,Average,1,Serious_Chronic,Basic,Day,Rare,Medium
Fariha Khan,Pallmall Group,14,Machine_Maintenance,64,Low,Heavy,Average,0,Minor_Chronic,None,Night,Occasional,High
Mariam Noor,Pallmall Group,16,Cutting,60,None,Heavy,Average,2,Healthy,Basic,Evening,Occasional,Medium
Mariam Noor,Pallmall Group,39,Cutting,33,Medium,Light,Average,0,Healthy,Basic,Evening,Rare,Low
Rasel Hossain,Pallmall Group,17,Sewing,67,Medium,None,Average,2,Minor_Chronic,Basic,Day,Occasional,Medium
Fariha Khan,Pallmall Group,8,Packaging,46,None,Heavy,Poor,0,Healthy,Basic,Day,Rare,Medium
Rahim Ahmed,Pallmall Group,24,Cutting,59,None,Light,Good,0,Healthy,Basic,Day,Rare,Low
Fariha Khan,Pallmall Group,39,Supervisor,54,None,Light,Poor,0,Minor_Chronic,Basic,Day,Frequent,Low
Rasel Hossain,Pallmall Group,13,Cutting,28,Low,Heavy,Poor,1,Healthy,Basic,Night,Frequent,High
Shamina Begum,Pallmall Group,24,Cutting,60,None,Light,Average,0,Minor_Chronic,None,Night,Frequent,Medium
Fariha Khan,Pallmall Group,21,Dyeing,67,Low,None,Good,0,Healthy,Basic,Day,Rare,Medium
Mushfiqur Rahman,Pallmall Group,29,Packaging,59,None,Heavy,Average,0,Healthy,Advanced,Evening,Frequent,Medium
Nazia Sultana,Pallmall Group,19,Ironing,32,Medium,Light,Good,0,Healthy,Basic,Evening,Occasional,Low
Abdul Latif,Pallmall Group,20,Cutting,44,None,Light,Poor,0,Healthy,Basic,Day,Occasional,Low
Fariha Khan,Pallmall Group,31,Supervisor,35,None,Light,Average,1,Healthy,Basic,Day,Frequent,Low
Shamina Begum,Pallmall Group,20,Sewing,61,Low,Light,Average,1,Healthy,None,Day,Frequent,Medium
Mushfiqur Rahman,Pallmall Group,34,Machine_Maintenance,36,None,Light,Good,0,Minor_Chronic,Advanced,Evening,Occasional,Low
Nazia Sultana,Pallmall Group,31,Sewing,50,None,Light,Average,0,Healthy,None,Day,Frequent,Low
Abdul Latif,Pallmall Group,29,Packaging,62,None,Light,Poor,0,Healthy,Advanced,Night,Occasional,Medium
Mariam Noor,Pallmall Group,38,Dyeing,34,Low,Heavy,Average,0,Healthy,Basic,Day,Occasional,Medium
Fariha Khan,Pallmall Group,11,Cutting,42,Medium,Light,Average,1,Healthy,Basic,Day,Rare,Medium
Abdul Latif,Pallmall Group,40,Machine_Maintenance,47,Medium,Heavy,Average,0,Healthy,None,Day,Frequent,High
Fariha Khan,Pallmall Group,17,Sewing,52,None,Heavy,Good,1,Healthy,Advanced,Evening,Occasional,Low
Mushfiqur Rahman,Pallmall Group,20,Sewing,30,None,Light,Poor,1,Minor_Chronic,Advanced,Evening,Frequent,Low
Mushfiqur Rahman,Pallmall Group,12,Ironing,51,Low,Light,Poor,0,Healthy,None,Evening,Occasional,Medium
Abdul Latif,Pallmall Group,20,Cutting,61,Low,Heavy,Poor,2,Minor_Chronic,Basic,Day,Occasional,High
Mariam Noor,Pallmall Group,7,Dyeing,49,None,Light,Average,0,Healthy,None,Day,Occasional,Low
Rahim Ahmed,Pallmall Group,39,Sewing,38,None,None,Poor,0,Healthy,Advanced,Day,Occasional,Low
Mariam Noor,Pallmall Group,6,Sewing,35,None,Light,Average,0,Healthy,Basic,Day,Occasional,Low
Nazia Sultana,Pallmall Group,22,Sewing,66,Medium,Heavy,Poor,1,Minor_Chronic,Basic,Evening,Rare,High
Rahim Ahmed,Pallmall Group,31,Sewing,62,None,None,Good,1,Healthy,None,Day,Occasional,Medium
Shamina Begum,Pallmall Group,10,Ironing,65,Medium,None,Poor,1,Healthy,Basic,Day,Occasional,High
Abdul Latif,Pallmall Group,21,Packaging,35,None,Light,Poor,1,Healthy,Basic,Day,Rare,Low
Mariam Noor,Pallmall Group,21,Machine_Maintenance,64,None,Heavy,Average,1,Minor_Chronic,Basic,Day,Rare,High
Shahidul Islam,Pallmall Group,24,Packaging,54,None,Light,Average,0,Minor_Chronic,Advanced,Evening,Rare,Low
Rasel Hossain,Pallmall Group,21,Sewing,55,None,Light,Average,1,Healthy,None,Night,Rare,Low
Shahidul Islam,Pallmall Group,27,Cutting,67,None,None,Good,1,Healthy,Basic,Night,Frequent,Medium
Mariam Noor,Pallmall Group,28,Sewing,61,None,Light,Average,1,Minor_Chronic,Basic,Evening,Frequent,Low
Rasel Hossain,Pallmall Group,12,Sewing,59,None,None,Good,0,Minor_Chronic,Basic,Day,Occasional,Low
Taslima Akter,Pallmall Group,17,Ironing,42,None,Light,Average,0,Healthy,Basic,Evening,Rare,Low
Taslima Akter,Pallmall Group,1,Sewing,44,None,Light,Poor,1,Serious_Chronic,Advanced,Day,Occasional,High
Abdul Latif,Pallmall Group,28,Sewing,60,High,Heavy,Good,0,Healthy,Advanced,Evening,Occasional,High
Nazia Sultana,Pallmall Group,20,Machine_Maintenance,43,Low,Light,Good,0,Healthy,Advanced,Evening,Occasional,Low
Rasel Hossain,Pallmall Group,14,Ironing,56,Low,Light,Good,4,Healthy,Advanced,Evening,Occasional,Medium
Shamina Begum,Pallmall Group,26,Cutting,36,None,Heavy,Poor,0,Healthy,Basic,Day,Rare,Medium
Shamina Begum,Pallmall Group,30,Sewing,60,None,Light,Average,0,Healthy,Basic,Night,Occasional,Low
Rasel Hossain,Pallmall Group,14,Sewing,56,None,Light,Poor,0,Healthy,None,Evening,Occasional,Low
Nazia Sultana,Pallmall Group,22,Packaging,40,Low,Heavy,Poor,0,Healthy,Basic,Evening,Frequent,Medium
Rahim Ahmed,Pallmall Group,23,Sewing,48,None,Light,Average,2,Healthy,None,Day,Occasional,Medium
Mariam Noor,Pallmall Group,12,Cutting,48,None,Light,Good,3,Healthy,Basic,Day,Occasional,Low
Fariha Khan,Pallmall Group,21,Sewing,32,Medium,Light,Average,0,Healthy,Advanced,Day,Occasional,Low
Shahidul Islam,Pallmall Group,36,Ironing,37,None,None,Good,0,Minor_Chronic,Advanced,Day,Occasional,Low
Taslima Akter,Pallmall Group,32,Sewing,33,None,None,Poor,0,Healthy,Advanced,Evening,Rare,Low
Mariam Noor,Pallmall Group,2,Packaging,40,None,Light,Poor,0,Healthy,Basic,Night,Occasional,Low
Shamina Begum,Pallmall Group,18,Packaging,28,Low,Light,Average,1,Healthy,Advanced,Day,Rare,Low
Mariam Noor,Pallmall Group,22,Packaging,47,Medium,Light,Average,0,Minor_Chronic,None,Evening,Rare,Medium
Shamina Begum,Pallmall Group,28,Sewing,35,None,Light,Good,1,Healthy,Basic,Day,Rare,Low
Rahim Ahmed,Pallmall Group,29,Packaging,37,None,Heavy,Average,0,Healthy,Basic,Day,Rare,Low
Shahidul Islam,Pallmall Group,38,Ironing,36,Low,Heavy,Average,0,Minor_Chronic,Basic,Night,Rare,High
Mariam Noor,Pallmall Group,24,Cutting,68,None,Light,Average,1,Healthy,Advanced,Evening,Occasional,Low
Fariha Khan,Pallmall Group,36,Dyeing,30,Low,Heavy,Poor,1,Healthy,Basic,Day,Rare,High
Fariha Khan,Pallmall Group,7,Sewing,38,Low,Heavy,Good,0,Healthy,Basic,Day,Occasional,Low
Mariam Noor,Pallmall Group,15,Sewing,39,None,Light,Average,0,Healthy,None,Day,Occasional,Low
Mariam Noor,Pallmall Group,7,Packaging,37,None,None,Average,2,Healthy,Advanced,Day,Rare,Low
Taslima Akter,Pallmall Group,0,Sewing,52,Low,None,Good,0,Serious_Chronic,Basic,Day,Frequent,Medium
Shamina Begum,Pallmall Group,4,Dyeing,52,None,Heavy,Average,0,Healthy,Basic,Day,Occasional,Medium
Fariha Khan,Pallmall Group,2,Cutting,38,None,Heavy,Good,1,Minor_Chronic,Basic,Evening,Frequent,Medium
Rasel Hossain,Pallmall Group,0,Packaging,63,Medium,Light,Poor,0,Healthy,Basic,Day,Occasional,High
Shamina Begum,Pallmall Group,3,Supervisor,66,None,None,Poor,0,Healthy,Basic,Day,Occasional,Medium
Abdul Latif,Pallmall Group,39,Machine_Maintenance,53,None,Light,Good,0,Healthy,Basic,Evening,Frequent,Low
Rahim Ahmed,Pallmall Group,34,Sewing,41,None,Heavy,Good,1,Healthy,Basic,Night,Rare,Medium
Mushfiqur Rahman,Pallmall Group,31,Sewing,66,Low,Heavy,Average,0,Healthy,Advanced,Night,Occasional,Medium
Abdul Latif,Pallmall Group,33,Ironing,67,None,None,Average,0,Minor_Chronic,Advanced,Night,Occasional,Medium
Mushfiqur Rahman,Pallmall Group,24,Sewing,28,High,Light,Good,0,Healthy,None,Day,Frequent,Medium
Nazia Sultana,Pallmall Group,9,Sewing,31,Low,None,Poor,0,Healthy,None,Day,Rare,High
Fariha Khan,Pallmall Group,20,Ironing,57,None,Light,Poor,1,Healthy,Basic,Night,Occasional,Medium
Rasel Hossain,Pallmall Group,38,Ironing,39,None,Light,Average,0,Healthy,Advanced,Night,Rare,Low
Fariha Khan,Pallmall Group,26,Supervisor,62,None,None,Poor,0,Minor_Chronic,Basic,Evening,Frequent,Medium
Shahidul Islam,Pallmall Group,26,Sewing,40,Low,Heavy,Poor,1,Healthy,Basic,Day,Occasional,High
Rahim Ahmed,Pallmall Group,1,Sewing,58,Medium,None,Good,1,Healthy,Advanced,Day,Frequent,High
Rahim Ahmed,Pallmall Group,40,Sewing,65,Low,Heavy,Poor,2,Healthy,Basic,Night,Frequent,High
Mariam Noor,Pallmall Group,12,Machine_Maintenance,50,None,Light,Good,0,Healthy,Basic,Day,Occasional,Low
Mariam Noor,Pallmall Group,8,Packaging,31,Low,Light,Average,3,Healthy,Advanced,Evening,Occasional,Medium
Mushfiqur Rahman,Pallmall Group,35,Packaging,43,None,Heavy,Average,0,Healthy,Basic,Night,Occasional,Low
Rahim Ahmed,Pallmall Group,21,Machine_Maintenance,34,Medium,Light,Average,0,Minor_Chronic,Basic,Evening,Occasional,Low
Shamina Begum,Pallmall Group,25,Ironing,49,Low,Light,Average,2,Minor_Chronic,Basic,Day,Occasional,Low
Taslima Akter,Pallmall Group,11,Ironing,56,None,Light,Poor,0,Minor_Chronic,Basic,Day,Rare,Medium
Taslima Akter,Pallmall Group,16,Cutting,38,None,None,Poor,0,Minor_Chronic,Basic,Day,Occasional,Low
Shamina Begum,Pallmall Group,13,Dyeing,60,Medium,Light,Average,0,Healthy,Basic,Evening,Frequent,Medium
Shamina Begum,Pallmall Group,13,Ironing,56,Medium,Heavy,Poor,0,Healthy,Basic,Day,Rare,High
Rasel Hossain,Pallmall Group,33,Ironing,66,None,Heavy,Poor,1,Minor_Chronic,Advanced,Day,Occasional,High
Rasel Hossain,Pallmall Group,19,Machine_Maintenance,39,None,Heavy,Good,2,Minor_Chronic,Basic,Day,Rare,High
Taslima Akter,Pallmall Group,10,Supervisor,34,Low,Light,Good,1,Healthy,Basic,Day,Occasional,Low
Rahim Ahmed,Pallmall Group,15,Packaging,66,None,Light,Average,1,Healthy,Basic,Night,Rare,Medium
Rahim Ahmed,Pallmall Group,30,Packaging,53,None,Heavy,Poor,1,Healthy,Advanced,Night,Occasional,Medium
Mushfiqur Rahman,Pallmall Group,5,Packaging,67,None,Light,Average,1,Healthy,Basic,Day,Rare,Medium
Shahidul Islam,Pallmall Group,18,Sewing,36,None,None,Good,0,Healthy,Basic,Night,Occasional,Low
Abdul Latif,Pallmall Group,36,Sewing,68,Low,Light,Poor,0,Minor_Chronic,Basic,Evening,Occasional,Medium
Rasel Hossain,Pallmall Group,3,Packaging,61,High,Heavy,Poor,1,Healthy,Basic,Evening,Occasional,High
Fariha Khan,Pallmall Group,3,Packaging,40,Low,Light,Good,1,Healthy,Basic,Evening,Occasional,Low
Mushfiqur Rahman,Pallmall Group,19,Sewing,63,None,Light,Good,0,Healthy,None,Evening,Frequent,Medium
Mushfiqur Rahman,Pallmall Group,9,Machine_Maintenance,52,Low,Light,Average,1,Healthy,None,Day,Occasional,Medium
Rasel Hossain,Pallmall Group,23,Sewing,51,None,Heavy,Poor,0,Healthy,Advanced,Evening,Rare,Medium
Rahim Ahmed,Pallmall Group,34,Sewing,44,None,Light,Average,1,Serious_Chronic,Basic,Night,Rare,Medium
Rahim Ahmed,Pallmall Group,25,Packaging,29,Medium,Light,Average,2,Minor_Chronic,Advanced,Day,Rare,Medium
Mariam Noor,Pallmall Group,36,Sewing,40,None,None,Poor,2,Minor_Chronic,Basic,Day,Occasional,Medium
Shahidul Islam,Pallmall Group,37,Sewing,58,High,None,Poor,0,Healthy,Basic,Day,Occasional,Medium
Rahim Ahmed,Pallmall Group,20,Cutting,56,None,Heavy,Average,0,Healthy,Advanced,Day,Frequent,Low
Taslima Akter,Pallmall Group,39,Packaging,55,Low,Heavy,Average,1,Serious_Chronic,None,Day,Occasional,High
Taslima Akter,Pallmall Group,38,Cutting,54,None,Light,Average,1,Healthy,Basic,Evening,Occasional,Low
Shamina Begum,Pallmall Group,20,Dyeing,42,None,None,Good,0,Minor_Chronic,None,Day,Rare,Low
Rahim Ahmed,Pallmall Group,9,Dyeing,58,None,Light,Average,0,Minor_Chronic,Basic,Day,Rare,Medium
Mariam Noor,Pallmall Group,37,Sewing,67,Medium,None,Good,1,Healthy,None,Night,Frequent,High
Mushfiqur Rahman,Pallmall Group,3,Supervisor,42,Medium,Light,Good,0,Healthy,Basic,Evening,Rare,Low
Rahim Ahmed,Pallmall Group,19,Sewing,60,Medium,Heavy,Poor,1,Healthy,Advanced,Day,Frequent,High
Rahim Ahmed,Pallmall Group,16,Supervisor,47,Low,Heavy,Average,1,Healthy,Basic,Day,Rare,Low
Fariha Khan,Pallmall Group,6,Ironing,39,Medium,None,Average,0,Healthy,Advanced,Evening,Frequent,Low
Taslima Akter,Pallmall Group,3,Supervisor,64,None,Light,Poor,1,Minor_Chronic,Basic,Evening,Occasional,Medium
Shamina Begum,Pallmall Group,28,Sewing,36,None,Light,Good,0,Minor_Chronic,Basic,Day,Occasional,Low
Taslima Akter,Pallmall Group,13,Ironing,50,Low,None,Poor,0,Healthy,None,Night,Frequent,Medium
Rahim Ahmed,Pallmall Group,2,Sewing,35,Low,Light,Average,1,Healthy,Basic,Evening,Rare,Low
Mariam Noor,Pallmall Group,23,Sewing,59,Low,Light,Average,3,Healthy,Basic,Night,Rare,High
Shamina Begum,Pallmall Group,36,Dyeing,41,None,None,Average,0,Healthy,None,Day,Rare,Low
Mariam Noor,Pallmall Group,15,Sewing,54,None,Light,Average,0,Healthy,Advanced,Day,Rare,Low
Rasel Hossain,Pallmall Group,3,Dyeing,52,Medium,None,Average,0,Healthy,Basic,Day,Occasional,Medium
Mariam Noor,Pallmall Group,23,Sewing,40,Low,Light,Poor,1,Healthy,Basic,Day,Frequent,Medium
Abdul Latif,Pallmall Group,33,Cutting,48,None,Light,Poor,0,Healthy,Basic,Day,Rare,Medium
Fariha Khan,Pallmall Group,29,Packaging,58,Medium,Heavy,Good,0,Healthy,Advanced,Day,Frequent,Medium
Fariha Khan,Pallmall Group,17,Cutting,64,Medium,Light,Poor,1,Healthy,None,Evening,Frequent,High
Shamina Begum,Pallmall Group,18,Dyeing,32,None,Heavy,Average,0,Healthy,Basic,Day,Occasional,Medium
Fariha Khan,Pallmall Group,30,Dyeing,40,Medium,Light,Average,1,Healthy,Basic,Day,Frequent,Medium
Fariha Khan,Pallmall Group,18,Packaging,55,High,Light,Poor,2,Healthy,None,Night,Occasional,High
Mushfiqur Rahman,Pallmall Group,18,Cutting,52,High,Light,Average,0,Minor_Chronic,Basic,Day,Occasional,Low
Mushfiqur Rahman,Pallmall Group,21,Packaging,62,Medium,None,Average,1,Minor_Chronic,Basic,Day,Occasional,Low
